local_time, rssi, channel, remote_mac, rpi
1589842166.99, -72, 37, E1:9E:4A:98:54:22, 166FFD000102030405060708090A0B0C0D0E0F18FEEDBEEF
1589842167.05, -68, 38, E1:9E:4A:98:54:22, 166FFD000102030405060708090A0B0C0D0E0F18FEEDBEEF
1589842167.16, -78, 39, E1:9E:4A:98:54:22, 166FFD000102030405060708090A0B0C0D0E0F18FEEDBEEF
1589842167.26, -73, 37, E1:9E:4A:98:54:22, 166FFD000102030405060708090A0B0C0D0E0F18FEEDBEEF
1589842167.37, -68, 38, E1:9E:4A:98:54:22, 166FFD000102030405060708090A0B0C0D0E0F18FEEDBEEF
1589842167.48, -77, 39, E1:9E:4A:98:54:22, 166FFD000102030405060708090A0B0C0D0E0F18FEEDBEEF
1589842167.59, -74, 37, E1:9E:4A:98:54:22, 166FFD000102030405060708090A0B0C0D0E0F18FEEDBEEF
1589842167.69, -68, 38, E1:9E:4A:98:54:22, 166FFD000102030405060708090A0B0C0D0E0F18FEEDBEEF
1589842167.80, -76, 39, E1:9E:4A:98:54:22, 166FFD000102030405060708090A0B0C0D0E0F18FEEDBEEF
1589842167.91, -73, 37, E1:9E:4A:98:54:22, 166FFD000102030405060708090A0B0C0D0E0F18FEEDBEEF
1589842168.01, -68, 38, E1:9E:4A:98:54:22, 166FFD000102030405060708090A0B0C0D0E0F18FEEDBEEF
1589842168.12, -77, 39, E1:9E:4A:98:54:22, 166FFD000102030405060708090A0B0C0D0E0F18FEEDBEEF
1589842168.23, -73, 37, E1:9E:4A:98:54:22, 166FFD000102030405060708090A0B0C0D0E0F18FEEDBEEF
1589842168.33, -69, 38, E1:9E:4A:98:54:22, 166FFD000102030405060708090A0B0C0D0E0F18FEEDBEEF
1589842168.44, -77, 39, E1:9E:4A:98:54:22, 166FFD000102030405060708090A0B0C0D0E0F18FEEDBEEF
1589842168.54, -69, 38, E1:9E:4A:98:54:22, 166FFD000102030405060708090A0B0C0D0E0F18FEEDBEEF
1589842168.65, -78, 39, E1:9E:4A:98:54:22, 166FFD000102030405060708090A0B0C0D0E0F18FEEDBEEF
1589842168.75, -74, 37, E1:9E:4A:98:54:22, 166FFD000102030405060708090A0B0C0D0E0F18FEEDBEEF
1589842168.85, -70, 38, E1:9E:4A:98:54:22, 166FFD000102030405060708090A0B0C0D0E0F18FEEDBEEF
1589842168.96, -77, 39, E1:9E:4A:98:54:22, 166FFD000102030405060708090A0B0C0D0E0F18FEEDBEEF
1589842169.06, -74, 37, E1:9E:4A:98:54:22, 166FFD000102030405060708090A0B0C0D0E0F18FEEDBEEF
1589842169.17, -70, 38, E1:9E:4A:98:54:22, 166FFD000102030405060708090A0B0C0D0E0F18FEEDBEEF
1589842169.27, -77, 39, E1:9E:4A:98:54:22, 166FFD000102030405060708090A0B0C0D0E0F18FEEDBEEF
1589842169.38, -74, 37, E1:9E:4A:98:54:22, 166FFD000102030405060708090A0B0C0D0E0F18FEEDBEEF
1589842169.49, -69, 38, E1:9E:4A:98:54:22, 166FFD000102030405060708090A0B0C0D0E0F18FEEDBEEF
1589842169.59, -78, 39, E1:9E:4A:98:54:22, 166FFD000102030405060708090A0B0C0D0E0F18FEEDBEEF
1589842169.70, -75, 37, E1:9E:4A:98:54:22, 166FFD000102030405060708090A0B0C0D0E0F18FEEDBEEF
1589842169.80, -69, 38, E1:9E:4A:98:54:22, 166FFD000102030405060708090A0B0C0D0E0F18FEEDBEEF
1589842169.90, -78, 39, E1:9E:4A:98:54:22, 166FFD000102030405060708090A0B0C0D0E0F18FEEDBEEF
1589842170.01, -74, 37, E1:9E:4A:98:54:22, 166FFD000102030405060708090A0B0C0D0E0F18FEEDBEEF
1589842170.12, -69, 38, E1:9E:4A:98:54:22, 166FFD000102030405060708090A0B0C0D0E0F18FEEDBEEF
1589842170.22, -78, 39, E1:9E:4A:98:54:22, 166FFD000102030405060708090A0B0C0D0E0F18FEEDBEEF
1589842170.32, -74, 37, E1:9E:4A:98:54:22, 166FFD000102030405060708090A0B0C0D0E0F18FEEDBEEF
1589842170.42, -69, 38, E1:9E:4A:98:54:22, 166FFD000102030405060708090A0B0C0D0E0F18FEEDBEEF
1589842170.53, -78, 39, E1:9E:4A:98:54:22, 166FFD000102030405060708090A0B0C0D0E0F18FEEDBEEF
1589842170.64, -74, 37, E1:9E:4A:98:54:22, 166FFD000102030405060708090A0B0C0D0E0F18FEEDBEEF
1589842170.74, -78, 39, E1:9E:4A:98:54:22, 166FFD000102030405060708090A0B0C0D0E0F18FEEDBEEF
1589842170.85, -74, 37, E1:9E:4A:98:54:22, 166FFD000102030405060708090A0B0C0D0E0F18FEEDBEEF
1589842170.94, -69, 38, E1:9E:4A:98:54:22, 166FFD000102030405060708090A0B0C0D0E0F18FEEDBEEF
1589842171.05, -78, 39, E1:9E:4A:98:54:22, 166FFD000102030405060708090A0B0C0D0E0F18FEEDBEEF
1589842171.15, -74, 37, E1:9E:4A:98:54:22, 166FFD000102030405060708090A0B0C0D0E0F18FEEDBEEF
1589842171.25, -69, 38, E1:9E:4A:98:54:22, 166FFD000102030405060708090A0B0C0D0E0F18FEEDBEEF
1589842171.36, -78, 39, E1:9E:4A:98:54:22, 166FFD000102030405060708090A0B0C0D0E0F18FEEDBEEF
1589842171.47, -74, 37, E1:9E:4A:98:54:22, 166FFD000102030405060708090A0B0C0D0E0F18FEEDBEEF
1589842171.58, -69, 38, E1:9E:4A:98:54:22, 166FFD000102030405060708090A0B0C0D0E0F18FEEDBEEF
1589842171.68, -78, 39, E1:9E:4A:98:54:22, 166FFD000102030405060708090A0B0C0D0E0F18FEEDBEEF
1589842171.79, -74, 37, E1:9E:4A:98:54:22, 166FFD000102030405060708090A0B0C0D0E0F18FEEDBEEF
1589842171.89, -69, 38, E1:9E:4A:98:54:22, 166FFD000102030405060708090A0B0C0D0E0F18FEEDBEEF
1589842171.99, -78, 39, E1:9E:4A:98:54:22, 166FFD000102030405060708090A0B0C0D0E0F18FEEDBEEF
1589842172.10, -74, 37, E1:9E:4A:98:54:22, 166FFD000102030405060708090A0B0C0D0E0F18FEEDBEEF
1589842172.21, -70, 38, E1:9E:4A:98:54:22, 166FFD000102030405060708090A0B0C0D0E0F18FEEDBEEF
1589842172.31, -79, 39, E1:9E:4A:98:54:22, 166FFD000102030405060708090A0B0C0D0E0F18FEEDBEEF
1589842172.42, -74, 37, E1:9E:4A:98:54:22, 166FFD000102030405060708090A0B0C0D0E0F18FEEDBEEF
1589842172.53, -69, 38, E1:9E:4A:98:54:22, 166FFD000102030405060708090A0B0C0D0E0F18FEEDBEEF
1589842172.63, -78, 39, E1:9E:4A:98:54:22, 166FFD000102030405060708090A0B0C0D0E0F18FEEDBEEF
1589842172.73, -73, 37, E1:9E:4A:98:54:22, 166FFD000102030405060708090A0B0C0D0E0F18FEEDBEEF
1589842172.84, -78, 39, E1:9E:4A:98:54:22, 166FFD000102030405060708090A0B0C0D0E0F18FEEDBEEF
1589842172.95, -74, 37, E1:9E:4A:98:54:22, 166FFD000102030405060708090A0B0C0D0E0F18FEEDBEEF
1589842173.05, -69, 38, E1:9E:4A:98:54:22, 166FFD000102030405060708090A0B0C0D0E0F18FEEDBEEF
1589842173.15, -78, 39, E1:9E:4A:98:54:22, 166FFD000102030405060708090A0B0C0D0E0F18FEEDBEEF
1589842173.25, -74, 37, E1:9E:4A:98:54:22, 166FFD000102030405060708090A0B0C0D0E0F18FEEDBEEF
1589842173.35, -69, 38, E1:9E:4A:98:54:22, 166FFD000102030405060708090A0B0C0D0E0F18FEEDBEEF
1589842173.46, -78, 39, E1:9E:4A:98:54:22, 166FFD000102030405060708090A0B0C0D0E0F18FEEDBEEF
1589842173.56, -74, 37, E1:9E:4A:98:54:22, 166FFD000102030405060708090A0B0C0D0E0F18FEEDBEEF
1589842173.67, -69, 38, E1:9E:4A:98:54:22, 166FFD000102030405060708090A0B0C0D0E0F18FEEDBEEF
1589842173.78, -78, 39, E1:9E:4A:98:54:22, 166FFD000102030405060708090A0B0C0D0E0F18FEEDBEEF
1589842173.88, -74, 37, E1:9E:4A:98:54:22, 166FFD000102030405060708090A0B0C0D0E0F18FEEDBEEF
1589842173.99, -69, 38, E1:9E:4A:98:54:22, 166FFD000102030405060708090A0B0C0D0E0F18FEEDBEEF
1589842174.09, -78, 39, E1:9E:4A:98:54:22, 166FFD000102030405060708090A0B0C0D0E0F18FEEDBEEF
1589842174.20, -74, 37, E1:9E:4A:98:54:22, 166FFD000102030405060708090A0B0C0D0E0F18FEEDBEEF
1589842174.31, -69, 38, E1:9E:4A:98:54:22, 166FFD000102030405060708090A0B0C0D0E0F18FEEDBEEF
1589842174.41, -78, 39, E1:9E:4A:98:54:22, 166FFD000102030405060708090A0B0C0D0E0F18FEEDBEEF
1589842174.52, -73, 37, E1:9E:4A:98:54:22, 166FFD000102030405060708090A0B0C0D0E0F18FEEDBEEF
1589842174.62, -68, 38, E1:9E:4A:98:54:22, 166FFD000102030405060708090A0B0C0D0E0F18FEEDBEEF
1589842174.73, -78, 39, E1:9E:4A:98:54:22, 166FFD000102030405060708090A0B0C0D0E0F18FEEDBEEF
1589842174.84, -73, 37, E1:9E:4A:98:54:22, 166FFD000102030405060708090A0B0C0D0E0F18FEEDBEEF
1589842174.94, -79, 39, E1:9E:4A:98:54:22, 166FFD000102030405060708090A0B0C0D0E0F18FEEDBEEF
1589842175.05, -68, 38, E1:9E:4A:98:54:22, 166FFD000102030405060708090A0B0C0D0E0F18FEEDBEEF
1589842175.26, -72, 37, E1:9E:4A:98:54:22, 166FFD000102030405060708090A0B0C0D0E0F18FEEDBEEF
1589842175.46, -68, 38, E1:9E:4A:98:54:22, 166FFD000102030405060708090A0B0C0D0E0F18FEEDBEEF
1589842175.57, -78, 39, E1:9E:4A:98:54:22, 166FFD000102030405060708090A0B0C0D0E0F18FEEDBEEF
1589842175.68, -73, 37, E1:9E:4A:98:54:22, 166FFD000102030405060708090A0B0C0D0E0F18FEEDBEEF
1589842175.78, -68, 38, E1:9E:4A:98:54:22, 166FFD000102030405060708090A0B0C0D0E0F18FEEDBEEF
1589842175.88, -79, 39, E1:9E:4A:98:54:22, 166FFD000102030405060708090A0B0C0D0E0F18FEEDBEEF
1589842175.99, -73, 37, E1:9E:4A:98:54:22, 166FFD000102030405060708090A0B0C0D0E0F18FEEDBEEF
1589842176.10, -68, 38, E1:9E:4A:98:54:22, 166FFD000102030405060708090A0B0C0D0E0F18FEEDBEEF
1589842176.21, -72, 37, E1:9E:4A:98:54:22, 166FFD000102030405060708090A0B0C0D0E0F18FEEDBEEF
1589842176.41, -68, 38, E1:9E:4A:98:54:22, 166FFD000102030405060708090A0B0C0D0E0F18FEEDBEEF
1589842176.52, -72, 37, E1:9E:4A:98:54:22, 166FFD000102030405060708090A0B0C0D0E0F18FEEDBEEF
1589842176.73, -68, 38, E1:9E:4A:98:54:22, 166FFD000102030405060708090A0B0C0D0E0F18FEEDBEEF
1589842176.83, -78, 39, E1:9E:4A:98:54:22, 166FFD000102030405060708090A0B0C0D0E0F18FEEDBEEF
1589842176.93, -73, 37, E1:9E:4A:98:54:22, 166FFD000102030405060708090A0B0C0D0E0F18FEEDBEEF
1589842177.03, -68, 38, E1:9E:4A:98:54:22, 166FFD000102030405060708090A0B0C0D0E0F18FEEDBEEF
1589842177.14, -79, 39, E1:9E:4A:98:54:22, 166FFD000102030405060708090A0B0C0D0E0F18FEEDBEEF
1589842177.24, -68, 38, E1:9E:4A:98:54:22, 166FFD000102030405060708090A0B0C0D0E0F18FEEDBEEF
1589842177.35, -79, 39, E1:9E:4A:98:54:22, 166FFD000102030405060708090A0B0C0D0E0F18FEEDBEEF
1589842177.45, -73, 37, E1:9E:4A:98:54:22, 166FFD000102030405060708090A0B0C0D0E0F18FEEDBEEF
1589842177.56, -68, 38, E1:9E:4A:98:54:22, 166FFD000102030405060708090A0B0C0D0E0F18FEEDBEEF
1589842177.66, -68, 38, E1:9E:4A:98:54:22, 166FFD000102030405060708090A0B0C0D0E0F18FEEDBEEF
1589842177.98, -79, 39, E1:9E:4A:98:54:22, 166FFD000102030405060708090A0B0C0D0E0F18FEEDBEEF
1589842178.09, -72, 37, E1:9E:4A:98:54:22, 166FFD000102030405060708090A0B0C0D0E0F18FEEDBEEF
1589842178.19, -68, 38, E1:9E:4A:98:54:22, 166FFD000102030405060708090A0B0C0D0E0F18FEEDBEEF
1589842178.30, -79, 39, E1:9E:4A:98:54:22, 166FFD000102030405060708090A0B0C0D0E0F18FEEDBEEF
1589842178.41, -73, 37, E1:9E:4A:98:54:22, 166FFD000102030405060708090A0B0C0D0E0F18FEEDBEEF
1589842178.51, -68, 38, E1:9E:4A:98:54:22, 166FFD000102030405060708090A0B0C0D0E0F18FEEDBEEF
1589842178.62, -79, 39, E1:9E:4A:98:54:22, 166FFD000102030405060708090A0B0C0D0E0F18FEEDBEEF
1589842178.73, -72, 37, E1:9E:4A:98:54:22, 166FFD000102030405060708090A0B0C0D0E0F18FEEDBEEF
1589842178.83, -79, 39, E1:9E:4A:98:54:22, 166FFD000102030405060708090A0B0C0D0E0F18FEEDBEEF
1589842178.95, -72, 37, E1:9E:4A:98:54:22, 166FFD000102030405060708090A0B0C0D0E0F18FEEDBEEF
1589842179.05, -68, 38, E1:9E:4A:98:54:22, 166FFD000102030405060708090A0B0C0D0E0F18FEEDBEEF
1589842179.16, -72, 37, E1:9E:4A:98:54:22, 166FFD000102030405060708090A0B0C0D0E0F18FEEDBEEF
1589842179.36, -68, 38, E1:9E:4A:98:54:22, 166FFD000102030405060708090A0B0C0D0E0F18FEEDBEEF
1589842179.46, -79, 39, E1:9E:4A:98:54:22, 166FFD000102030405060708090A0B0C0D0E0F18FEEDBEEF
1589842179.57, -72, 37, E1:9E:4A:98:54:22, 166FFD000102030405060708090A0B0C0D0E0F18FEEDBEEF
1589842179.68, -68, 38, E1:9E:4A:98:54:22, 166FFD000102030405060708090A0B0C0D0E0F18FEEDBEEF
1589842179.78, -72, 37, E1:9E:4A:98:54:22, 166FFD000102030405060708090A0B0C0D0E0F18FEEDBEEF
1589842180.00, -68, 38, E1:9E:4A:98:54:22, 166FFD000102030405060708090A0B0C0D0E0F18FEEDBEEF
1589842180.10, -79, 39, E1:9E:4A:98:54:22, 166FFD000102030405060708090A0B0C0D0E0F18FEEDBEEF
1589842180.20, -72, 37, E1:9E:4A:98:54:22, 166FFD000102030405060708090A0B0C0D0E0F18FEEDBEEF
1589842180.31, -68, 38, E1:9E:4A:98:54:22, 166FFD000102030405060708090A0B0C0D0E0F18FEEDBEEF
1589842180.41, -72, 37, E1:9E:4A:98:54:22, 166FFD000102030405060708090A0B0C0D0E0F18FEEDBEEF
1589842180.62, -68, 38, E1:9E:4A:98:54:22, 166FFD000102030405060708090A0B0C0D0E0F18FEEDBEEF
1589842180.73, -78, 39, E1:9E:4A:98:54:22, 166FFD000102030405060708090A0B0C0D0E0F18FEEDBEEF
1589842180.83, -73, 37, E1:9E:4A:98:54:22, 166FFD000102030405060708090A0B0C0D0E0F18FEEDBEEF
1589842180.94, -68, 38, E1:9E:4A:98:54:22, 166FFD000102030405060708090A0B0C0D0E0F18FEEDBEEF
1589842181.04, -68, 38, E1:9E:4A:98:54:22, 166FFD000102030405060708090A0B0C0D0E0F18FEEDBEEF
1589842181.25, -79, 39, E1:9E:4A:98:54:22, 166FFD000102030405060708090A0B0C0D0E0F18FEEDBEEF
1589842181.36, -72, 37, E1:9E:4A:98:54:22, 166FFD000102030405060708090A0B0C0D0E0F18FEEDBEEF
1589842181.46, -68, 38, E1:9E:4A:98:54:22, 166FFD000102030405060708090A0B0C0D0E0F18FEEDBEEF
1589842181.56, -73, 37, E1:9E:4A:98:54:22, 166FFD000102030405060708090A0B0C0D0E0F18FEEDBEEF
1589842181.77, -68, 38, E1:9E:4A:98:54:22, 166FFD000102030405060708090A0B0C0D0E0F18FEEDBEEF
1589842181.88, -79, 39, E1:9E:4A:98:54:22, 166FFD000102030405060708090A0B0C0D0E0F18FEEDBEEF
1589842181.99, -73, 37, E1:9E:4A:98:54:22, 166FFD000102030405060708090A0B0C0D0E0F18FEEDBEEF
1589842182.10, -68, 38, E1:9E:4A:98:54:22, 166FFD000102030405060708090A0B0C0D0E0F18FEEDBEEF
1589842182.20, -78, 39, E1:9E:4A:98:54:22, 166FFD000102030405060708090A0B0C0D0E0F18FEEDBEEF
1589842182.31, -72, 37, E1:9E:4A:98:54:22, 166FFD000102030405060708090A0B0C0D0E0F18FEEDBEEF
1589842182.41, -68, 38, E1:9E:4A:98:54:22, 166FFD000102030405060708090A0B0C0D0E0F18FEEDBEEF
1589842182.52, -78, 39, E1:9E:4A:98:54:22, 166FFD000102030405060708090A0B0C0D0E0F18FEEDBEEF
1589842182.62, -72, 37, E1:9E:4A:98:54:22, 166FFD000102030405060708090A0B0C0D0E0F18FEEDBEEF
1589842182.72, -68, 38, E1:9E:4A:98:54:22, 166FFD000102030405060708090A0B0C0D0E0F18FEEDBEEF
1589842182.83, -78, 39, E1:9E:4A:98:54:22, 166FFD000102030405060708090A0B0C0D0E0F18FEEDBEEF
1589842182.93, -73, 37, E1:9E:4A:98:54:22, 166FFD000102030405060708090A0B0C0D0E0F18FEEDBEEF
1589842183.03, -68, 38, E1:9E:4A:98:54:22, 166FFD000102030405060708090A0B0C0D0E0F18FEEDBEEF
1589842183.14, -72, 37, E1:9E:4A:98:54:22, 166FFD000102030405060708090A0B0C0D0E0F18FEEDBEEF
1589842183.25, -65, 38, E1:9E:4A:98:54:22, 166FFD000102030405060708090A0B0C0D0E0F18FEEDBEEF
1589842183.35, -73, 37, E1:9E:4A:98:54:22, 166FFD000102030405060708090A0B0C0D0E0F18FEEDBEEF
1589842183.56, -68, 38, E1:9E:4A:98:54:22, 166FFD000102030405060708090A0B0C0D0E0F18FEEDBEEF
1589842183.66, -73, 37, E1:9E:4A:98:54:22, 166FFD000102030405060708090A0B0C0D0E0F18FEEDBEEF
1589842183.87, -68, 38, E1:9E:4A:98:54:22, 166FFD000102030405060708090A0B0C0D0E0F18FEEDBEEF
1589842183.98, -79, 39, E1:9E:4A:98:54:22, 166FFD000102030405060708090A0B0C0D0E0F18FEEDBEEF
1589842184.08, -72, 37, E1:9E:4A:98:54:22, 166FFD000102030405060708090A0B0C0D0E0F18FEEDBEEF
1589842184.18, -68, 38, E1:9E:4A:98:54:22, 166FFD000102030405060708090A0B0C0D0E0F18FEEDBEEF
1589842184.29, -79, 39, E1:9E:4A:98:54:22, 166FFD000102030405060708090A0B0C0D0E0F18FEEDBEEF
1589842184.40, -72, 37, E1:9E:4A:98:54:22, 166FFD000102030405060708090A0B0C0D0E0F18FEEDBEEF
1589842184.50, -68, 38, E1:9E:4A:98:54:22, 166FFD000102030405060708090A0B0C0D0E0F18FEEDBEEF
1589842184.61, -78, 39, E1:9E:4A:98:54:22, 166FFD000102030405060708090A0B0C0D0E0F18FEEDBEEF
1589842184.71, -73, 37, E1:9E:4A:98:54:22, 166FFD000102030405060708090A0B0C0D0E0F18FEEDBEEF
1589842184.82, -69, 38, E1:9E:4A:98:54:22, 166FFD000102030405060708090A0B0C0D0E0F18FEEDBEEF
1589842184.92, -77, 39, E1:9E:4A:98:54:22, 166FFD000102030405060708090A0B0C0D0E0F18FEEDBEEF
1589842185.03, -74, 37, E1:9E:4A:98:54:22, 166FFD000102030405060708090A0B0C0D0E0F18FEEDBEEF
1589842185.13, -69, 38, E1:9E:4A:98:54:22, 166FFD000102030405060708090A0B0C0D0E0F18FEEDBEEF
1589842185.24, -69, 38, E1:9E:4A:98:54:22, 166FFD000102030405060708090A0B0C0D0E0F18FEEDBEEF
1589842185.44, -77, 39, E1:9E:4A:98:54:22, 166FFD000102030405060708090A0B0C0D0E0F18FEEDBEEF
1589842185.55, -74, 37, E1:9E:4A:98:54:22, 166FFD000102030405060708090A0B0C0D0E0F18FEEDBEEF
1589842185.65, -69, 38, E1:9E:4A:98:54:22, 166FFD000102030405060708090A0B0C0D0E0F18FEEDBEEF
1589842185.75, -78, 39, E1:9E:4A:98:54:22, 166FFD000102030405060708090A0B0C0D0E0F18FEEDBEEF
1589842185.86, -74, 37, E1:9E:4A:98:54:22, 166FFD000102030405060708090A0B0C0D0E0F18FEEDBEEF
1589842185.96, -68, 38, E1:9E:4A:98:54:22, 166FFD000102030405060708090A0B0C0D0E0F18FEEDBEEF
1589842186.06, -77, 39, E1:9E:4A:98:54:22, 166FFD000102030405060708090A0B0C0D0E0F18FEEDBEEF
1589842186.17, -73, 37, E1:9E:4A:98:54:22, 166FFD000102030405060708090A0B0C0D0E0F18FEEDBEEF
1589842186.27, -69, 38, E1:9E:4A:98:54:22, 166FFD000102030405060708090A0B0C0D0E0F18FEEDBEEF
1589842186.38, -77, 39, E1:9E:4A:98:54:22, 166FFD000102030405060708090A0B0C0D0E0F18FEEDBEEF
1589842186.48, -74, 37, E1:9E:4A:98:54:22, 166FFD000102030405060708090A0B0C0D0E0F18FEEDBEEF
1589842186.58, -69, 38, E1:9E:4A:98:54:22, 166FFD000102030405060708090A0B0C0D0E0F18FEEDBEEF
1589842186.68, -77, 39, E1:9E:4A:98:54:22, 166FFD000102030405060708090A0B0C0D0E0F18FEEDBEEF
1589842186.79, -74, 37, E1:9E:4A:98:54:22, 166FFD000102030405060708090A0B0C0D0E0F18FEEDBEEF
1589842186.89, -69, 38, E1:9E:4A:98:54:22, 166FFD000102030405060708090A0B0C0D0E0F18FEEDBEEF
1589842187.00, -78, 39, E1:9E:4A:98:54:22, 166FFD000102030405060708090A0B0C0D0E0F18FEEDBEEF
1589842187.10, -74, 37, E1:9E:4A:98:54:22, 166FFD000102030405060708090A0B0C0D0E0F18FEEDBEEF
1589842187.21, -69, 38, E1:9E:4A:98:54:22, 166FFD000102030405060708090A0B0C0D0E0F18FEEDBEEF
1589842187.31, -78, 39, E1:9E:4A:98:54:22, 166FFD000102030405060708090A0B0C0D0E0F18FEEDBEEF
1589842187.41, -74, 37, E1:9E:4A:98:54:22, 166FFD000102030405060708090A0B0C0D0E0F18FEEDBEEF
1589842187.52, -69, 38, E1:9E:4A:98:54:22, 166FFD000102030405060708090A0B0C0D0E0F18FEEDBEEF
1589842187.62, -77, 39, E1:9E:4A:98:54:22, 166FFD000102030405060708090A0B0C0D0E0F18FEEDBEEF
1589842187.72, -73, 37, E1:9E:4A:98:54:22, 166FFD000102030405060708090A0B0C0D0E0F18FEEDBEEF
1589842187.83, -69, 38, E1:9E:4A:98:54:22, 166FFD000102030405060708090A0B0C0D0E0F18FEEDBEEF
1589842187.93, -77, 39, E1:9E:4A:98:54:22, 166FFD000102030405060708090A0B0C0D0E0F18FEEDBEEF
1589842188.03, -74, 37, E1:9E:4A:98:54:22, 166FFD000102030405060708090A0B0C0D0E0F18FEEDBEEF
1589842188.13, -69, 38, E1:9E:4A:98:54:22, 166FFD000102030405060708090A0B0C0D0E0F18FEEDBEEF
1589842188.23, -77, 39, E1:9E:4A:98:54:22, 166FFD000102030405060708090A0B0C0D0E0F18FEEDBEEF
1589842188.55, -74, 37, E1:9E:4A:98:54:22, 166FFD000102030405060708090A0B0C0D0E0F18FEEDBEEF
1589842188.66, -69, 38, E1:9E:4A:98:54:22, 166FFD000102030405060708090A0B0C0D0E0F18FEEDBEEF
1589842188.76, -78, 39, E1:9E:4A:98:54:22, 166FFD000102030405060708090A0B0C0D0E0F18FEEDBEEF
1589842188.86, -74, 37, E1:9E:4A:98:54:22, 166FFD000102030405060708090A0B0C0D0E0F18FEEDBEEF
1589842188.97, -69, 38, E1:9E:4A:98:54:22, 166FFD000102030405060708090A0B0C0D0E0F18FEEDBEEF
1589842189.07, -78, 39, E1:9E:4A:98:54:22, 166FFD000102030405060708090A0B0C0D0E0F18FEEDBEEF
1589842189.18, -69, 38, E1:9E:4A:98:54:22, 166FFD000102030405060708090A0B0C0D0E0F18FEEDBEEF
1589842189.39, -74, 37, E1:9E:4A:98:54:22, 166FFD000102030405060708090A0B0C0D0E0F18FEEDBEEF
1589842189.60, -69, 38, E1:9E:4A:98:54:22, 166FFD000102030405060708090A0B0C0D0E0F18FEEDBEEF
1589842189.70, -78, 39, E1:9E:4A:98:54:22, 166FFD000102030405060708090A0B0C0D0E0F18FEEDBEEF
1589842189.81, -74, 37, E1:9E:4A:98:54:22, 166FFD000102030405060708090A0B0C0D0E0F18FEEDBEEF
1589842189.91, -69, 38, E1:9E:4A:98:54:22, 166FFD000102030405060708090A0B0C0D0E0F18FEEDBEEF
1589842190.02, -75, 37, E1:9E:4A:98:54:22, 166FFD000102030405060708090A0B0C0D0E0F18FEEDBEEF
1589842190.23, -69, 38, E1:9E:4A:98:54:22, 166FFD000102030405060708090A0B0C0D0E0F18FEEDBEEF
1589842190.33, -78, 39, E1:9E:4A:98:54:22, 166FFD000102030405060708090A0B0C0D0E0F18FEEDBEEF
1589842190.44, -74, 37, E1:9E:4A:98:54:22, 166FFD000102030405060708090A0B0C0D0E0F18FEEDBEEF
1589842190.54, -74, 37, E1:9E:4A:98:54:22, 166FFD000102030405060708090A0B0C0D0E0F18FEEDBEEF
1589842190.75, -69, 38, E1:9E:4A:98:54:22, 166FFD000102030405060708090A0B0C0D0E0F18FEEDBEEF
1589842190.85, -74, 37, E1:9E:4A:98:54:22, 166FFD000102030405060708090A0B0C0D0E0F18FEEDBEEF
1589842191.06, -78, 39, E1:9E:4A:98:54:22, 166FFD000102030405060708090A0B0C0D0E0F18FEEDBEEF
1589842191.27, -75, 37, E1:9E:4A:98:54:22, 166FFD000102030405060708090A0B0C0D0E0F18FEEDBEEF
1589842191.37, -69, 38, E1:9E:4A:98:54:22, 166FFD000102030405060708090A0B0C0D0E0F18FEEDBEEF
1589842191.48, -78, 39, E1:9E:4A:98:54:22, 166FFD000102030405060708090A0B0C0D0E0F18FEEDBEEF
1589842191.58, -74, 37, E1:9E:4A:98:54:22, 166FFD000102030405060708090A0B0C0D0E0F18FEEDBEEF
1589842191.69, -78, 39, E1:9E:4A:98:54:22, 166FFD000102030405060708090A0B0C0D0E0F18FEEDBEEF
1589842191.90, -74, 37, E1:9E:4A:98:54:22, 166FFD000102030405060708090A0B0C0D0E0F18FEEDBEEF
1589842192.01, -69, 38, E1:9E:4A:98:54:22, 166FFD000102030405060708090A0B0C0D0E0F18FEEDBEEF
1589842192.11, -78, 39, E1:9E:4A:98:54:22, 166FFD000102030405060708090A0B0C0D0E0F18FEEDBEEF
1589842192.21, -75, 37, E1:9E:4A:98:54:22, 166FFD000102030405060708090A0B0C0D0E0F18FEEDBEEF
1589842192.31, -69, 38, E1:9E:4A:98:54:22, 166FFD000102030405060708090A0B0C0D0E0F18FEEDBEEF
1589842192.42, -77, 39, E1:9E:4A:98:54:22, 166FFD000102030405060708090A0B0C0D0E0F18FEEDBEEF
1589842192.52, -74, 37, E1:9E:4A:98:54:22, 166FFD000102030405060708090A0B0C0D0E0F18FEEDBEEF
1589842192.63, -69, 38, E1:9E:4A:98:54:22, 166FFD000102030405060708090A0B0C0D0E0F18FEEDBEEF
1589842192.74, -77, 39, E1:9E:4A:98:54:22, 166FFD000102030405060708090A0B0C0D0E0F18FEEDBEEF
1589842192.84, -70, 38, E1:9E:4A:98:54:22, 166FFD000102030405060708090A0B0C0D0E0F18FEEDBEEF
1589842192.94, -78, 39, E1:9E:4A:98:54:22, 166FFD000102030405060708090A0B0C0D0E0F18FEEDBEEF
1589842193.05, -75, 37, E1:9E:4A:98:54:22, 166FFD000102030405060708090A0B0C0D0E0F18FEEDBEEF
1589842193.15, -69, 38, E1:9E:4A:98:54:22, 166FFD000102030405060708090A0B0C0D0E0F18FEEDBEEF
1589842193.25, -75, 37, E1:9E:4A:98:54:22, 166FFD000102030405060708090A0B0C0D0E0F18FEEDBEEF
1589842193.46, -69, 38, E1:9E:4A:98:54:22, 166FFD000102030405060708090A0B0C0D0E0F18FEEDBEEF
1589842193.56, -78, 39, E1:9E:4A:98:54:22, 166FFD000102030405060708090A0B0C0D0E0F18FEEDBEEF
1589842193.67, -75, 37, E1:9E:4A:98:54:22, 166FFD000102030405060708090A0B0C0D0E0F18FEEDBEEF
1589842193.78, -69, 38, E1:9E:4A:98:54:22, 166FFD000102030405060708090A0B0C0D0E0F18FEEDBEEF
1589842193.88, -75, 37, E1:9E:4A:98:54:22, 166FFD000102030405060708090A0B0C0D0E0F18FEEDBEEF
1589842194.10, -69, 38, E1:9E:4A:98:54:22, 166FFD000102030405060708090A0B0C0D0E0F18FEEDBEEF
1589842194.20, -78, 39, E1:9E:4A:98:54:22, 166FFD000102030405060708090A0B0C0D0E0F18FEEDBEEF
1589842194.31, -75, 37, E1:9E:4A:98:54:22, 166FFD000102030405060708090A0B0C0D0E0F18FEEDBEEF
1589842194.41, -69, 38, E1:9E:4A:98:54:22, 166FFD000102030405060708090A0B0C0D0E0F18FEEDBEEF
1589842194.52, -74, 37, E1:9E:4A:98:54:22, 166FFD000102030405060708090A0B0C0D0E0F18FEEDBEEF
1589842194.73, -69, 38, E1:9E:4A:98:54:22, 166FFD000102030405060708090A0B0C0D0E0F18FEEDBEEF
1589842194.83, -78, 39, E1:9E:4A:98:54:22, 166FFD000102030405060708090A0B0C0D0E0F18FEEDBEEF
1589842194.94, -75, 37, E1:9E:4A:98:54:22, 166FFD000102030405060708090A0B0C0D0E0F18FEEDBEEF
1589842195.04, -69, 38, E1:9E:4A:98:54:22, 166FFD000102030405060708090A0B0C0D0E0F18FEEDBEEF
1589842195.14, -69, 38, E1:9E:4A:98:54:22, 166FFD000102030405060708090A0B0C0D0E0F18FEEDBEEF
1589842195.35, -74, 37, E1:9E:4A:98:54:22, 166FFD000102030405060708090A0B0C0D0E0F18FEEDBEEF
1589842195.55, -69, 38, E1:9E:4A:98:54:22, 166FFD000102030405060708090A0B0C0D0E0F18FEEDBEEF
1589842195.66, -75, 37, E1:9E:4A:98:54:22, 166FFD000102030405060708090A0B0C0D0E0F18FEEDBEEF
1589842195.87, -69, 38, E1:9E:4A:98:54:22, 166FFD000102030405060708090A0B0C0D0E0F18FEEDBEEF
1589842195.98, -78, 39, E1:9E:4A:98:54:22, 166FFD000102030405060708090A0B0C0D0E0F18FEEDBEEF
1589842196.08, -74, 37, E1:9E:4A:98:54:22, 166FFD000102030405060708090A0B0C0D0E0F18FEEDBEEF
1589842196.18, -69, 38, E1:9E:4A:98:54:22, 166FFD000102030405060708090A0B0C0D0E0F18FEEDBEEF
1589842196.29, -78, 39, E1:9E:4A:98:54:22, 166FFD000102030405060708090A0B0C0D0E0F18FEEDBEEF
1589842196.40, -74, 37, E1:9E:4A:98:54:22, 166FFD000102030405060708090A0B0C0D0E0F18FEEDBEEF
1589842196.51, -69, 38, E1:9E:4A:98:54:22, 166FFD000102030405060708090A0B0C0D0E0F18FEEDBEEF
1589842196.61, -78, 39, E1:9E:4A:98:54:22, 166FFD000102030405060708090A0B0C0D0E0F18FEEDBEEF
1589842196.71, -74, 37, E1:9E:4A:98:54:22, 166FFD000102030405060708090A0B0C0D0E0F18FEEDBEEF
1589842196.82, -69, 38, E1:9E:4A:98:54:22, 166FFD000102030405060708090A0B0C0D0E0F18FEEDBEEF
1589842196.93, -78, 39, E1:9E:4A:98:54:22, 166FFD000102030405060708090A0B0C0D0E0F18FEEDBEEF
1589842197.03, -74, 37, E1:9E:4A:98:54:22, 166FFD000102030405060708090A0B0C0D0E0F18FEEDBEEF
1589842197.14, -69, 38, E1:9E:4A:98:54:22, 166FFD000102030405060708090A0B0C0D0E0F18FEEDBEEF
1589842197.24, -69, 38, E1:9E:4A:98:54:22, 166FFD000102030405060708090A0B0C0D0E0F18FEEDBEEF
1589842197.45, -79, 39, E1:9E:4A:98:54:22, 166FFD000102030405060708090A0B0C0D0E0F18FEEDBEEF
1589842197.55, -74, 37, E1:9E:4A:98:54:22, 166FFD000102030405060708090A0B0C0D0E0F18FEEDBEEF
1589842197.66, -69, 38, E1:9E:4A:98:54:22, 166FFD000102030405060708090A0B0C0D0E0F18FEEDBEEF
1589842197.76, -78, 39, E1:9E:4A:98:54:22, 166FFD000102030405060708090A0B0C0D0E0F18FEEDBEEF
1589842197.87, -74, 37, E1:9E:4A:98:54:22, 166FFD000102030405060708090A0B0C0D0E0F18FEEDBEEF
1589842197.98, -78, 39, E1:9E:4A:98:54:22, 166FFD000102030405060708090A0B0C0D0E0F18FEEDBEEF
1589842198.19, -74, 37, E1:9E:4A:98:54:22, 166FFD000102030405060708090A0B0C0D0E0F18FEEDBEEF
1589842198.29, -69, 38, E1:9E:4A:98:54:22, 166FFD000102030405060708090A0B0C0D0E0F18FEEDBEEF
1589842198.39, -78, 39, E1:9E:4A:98:54:22, 166FFD000102030405060708090A0B0C0D0E0F18FEEDBEEF
1589842198.50, -74, 37, E1:9E:4A:98:54:22, 166FFD000102030405060708090A0B0C0D0E0F18FEEDBEEF
1589842198.60, -69, 38, E1:9E:4A:98:54:22, 166FFD000102030405060708090A0B0C0D0E0F18FEEDBEEF
1589842198.70, -78, 39, E1:9E:4A:98:54:22, 166FFD000102030405060708090A0B0C0D0E0F18FEEDBEEF
1589842198.81, -69, 38, E1:9E:4A:98:54:22, 166FFD000102030405060708090A0B0C0D0E0F18FEEDBEEF
1589842199.01, -78, 39, E1:9E:4A:98:54:22, 166FFD000102030405060708090A0B0C0D0E0F18FEEDBEEF
1589842199.11, -74, 37, E1:9E:4A:98:54:22, 166FFD000102030405060708090A0B0C0D0E0F18FEEDBEEF
1589842199.21, -69, 38, E1:9E:4A:98:54:22, 166FFD000102030405060708090A0B0C0D0E0F18FEEDBEEF
1589842199.32, -78, 39, E1:9E:4A:98:54:22, 166FFD000102030405060708090A0B0C0D0E0F18FEEDBEEF
1589842199.42, -74, 37, E1:9E:4A:98:54:22, 166FFD000102030405060708090A0B0C0D0E0F18FEEDBEEF
1589842199.52, -69, 38, E1:9E:4A:98:54:22, 166FFD000102030405060708090A0B0C0D0E0F18FEEDBEEF
1589842199.62, -78, 39, E1:9E:4A:98:54:22, 166FFD000102030405060708090A0B0C0D0E0F18FEEDBEEF
1589842199.73, -74, 37, E1:9E:4A:98:54:22, 166FFD000102030405060708090A0B0C0D0E0F18FEEDBEEF
1589842199.83, -69, 38, E1:9E:4A:98:54:22, 166FFD000102030405060708090A0B0C0D0E0F18FEEDBEEF
1589842199.94, -78, 39, E1:9E:4A:98:54:22, 166FFD000102030405060708090A0B0C0D0E0F18FEEDBEEF
1589842200.04, -74, 37, E1:9E:4A:98:54:22, 166FFD000102030405060708090A0B0C0D0E0F18FEEDBEEF
1589842200.14, -78, 39, E1:9E:4A:98:54:22, 166FFD000102030405060708090A0B0C0D0E0F18FEEDBEEF
1589842200.25, -73, 37, E1:9E:4A:98:54:22, 166FFD000102030405060708090A0B0C0D0E0F18FEEDBEEF
1589842200.35, -70, 38, E1:9E:4A:98:54:22, 166FFD000102030405060708090A0B0C0D0E0F18FEEDBEEF
1589842200.46, -74, 37, E1:9E:4A:98:54:22, 166FFD000102030405060708090A0B0C0D0E0F18FEEDBEEF
1589842200.67, -69, 38, E1:9E:4A:98:54:22, 166FFD000102030405060708090A0B0C0D0E0F18FEEDBEEF
1589842200.77, -78, 39, E1:9E:4A:98:54:22, 166FFD000102030405060708090A0B0C0D0E0F18FEEDBEEF
1589842200.88, -74, 37, E1:9E:4A:98:54:22, 166FFD000102030405060708090A0B0C0D0E0F18FEEDBEEF
1589842200.98, -68, 38, E1:9E:4A:98:54:22, 166FFD000102030405060708090A0B0C0D0E0F18FEEDBEEF
1589842201.09, -78, 39, E1:9E:4A:98:54:22, 166FFD000102030405060708090A0B0C0D0E0F18FEEDBEEF
1589842201.20, -68, 38, E1:9E:4A:98:54:22, 166FFD000102030405060708090A0B0C0D0E0F18FEEDBEEF
1589842201.40, -79, 39, E1:9E:4A:98:54:22, 166FFD000102030405060708090A0B0C0D0E0F18FEEDBEEF
1589842201.51, -73, 37, E1:9E:4A:98:54:22, 166FFD000102030405060708090A0B0C0D0E0F18FEEDBEEF
1589842201.61, -68, 38, E1:9E:4A:98:54:22, 166FFD000102030405060708090A0B0C0D0E0F18FEEDBEEF
1589842201.72, -78, 39, E1:9E:4A:98:54:22, 166FFD000102030405060708090A0B0C0D0E0F18FEEDBEEF
1589842201.83, -73, 37, E1:9E:4A:98:54:22, 166FFD000102030405060708090A0B0C0D0E0F18FEEDBEEF
1589842201.94, -69, 38, E1:9E:4A:98:54:22, 166FFD000102030405060708090A0B0C0D0E0F18FEEDBEEF
1589842202.04, -74, 37, E1:9E:4A:98:54:22, 166FFD000102030405060708090A0B0C0D0E0F18FEEDBEEF
1589842202.15, -69, 38, E1:9E:4A:98:54:22, 166FFD000102030405060708090A0B0C0D0E0F18FEEDBEEF
1589842202.25, -78, 39, E1:9E:4A:98:54:22, 166FFD000102030405060708090A0B0C0D0E0F18FEEDBEEF
1589842202.36, -73, 37, E1:9E:4A:98:54:22, 166FFD000102030405060708090A0B0C0D0E0F18FEEDBEEF
1589842202.46, -69, 38, E1:9E:4A:98:54:22, 166FFD000102030405060708090A0B0C0D0E0F18FEEDBEEF
1589842202.56, -78, 39, E1:9E:4A:98:54:22, 166FFD000102030405060708090A0B0C0D0E0F18FEEDBEEF
1589842202.67, -74, 37, E1:9E:4A:98:54:22, 166FFD000102030405060708090A0B0C0D0E0F18FEEDBEEF
1589842202.77, -78, 39, E1:9E:4A:98:54:22, 166FFD000102030405060708090A0B0C0D0E0F18FEEDBEEF
1589842202.99, -74, 37, E1:9E:4A:98:54:22, 166FFD000102030405060708090A0B0C0D0E0F18FEEDBEEF
1589842203.09, -69, 38, E1:9E:4A:98:54:22, 166FFD000102030405060708090A0B0C0D0E0F18FEEDBEEF
1589842203.20, -77, 39, E1:9E:4A:98:54:22, 166FFD000102030405060708090A0B0C0D0E0F18FEEDBEEF
1589842203.30, -74, 37, E1:9E:4A:98:54:22, 166FFD000102030405060708090A0B0C0D0E0F18FEEDBEEF
1589842203.40, -69, 38, E1:9E:4A:98:54:22, 166FFD000102030405060708090A0B0C0D0E0F18FEEDBEEF
1589842203.51, -78, 39, E1:9E:4A:98:54:22, 166FFD000102030405060708090A0B0C0D0E0F18FEEDBEEF
1589842203.61, -74, 37, E1:9E:4A:98:54:22, 166FFD000102030405060708090A0B0C0D0E0F18FEEDBEEF
1589842203.71, -68, 38, E1:9E:4A:98:54:22, 166FFD000102030405060708090A0B0C0D0E0F18FEEDBEEF
1589842203.82, -78, 39, E1:9E:4A:98:54:22, 166FFD000102030405060708090A0B0C0D0E0F18FEEDBEEF
1589842203.92, -73, 37, E1:9E:4A:98:54:22, 166FFD000102030405060708090A0B0C0D0E0F18FEEDBEEF
1589842204.02, -68, 38, E1:9E:4A:98:54:22, 166FFD000102030405060708090A0B0C0D0E0F18FEEDBEEF
1589842204.13, -79, 39, E1:9E:4A:98:54:22, 166FFD000102030405060708090A0B0C0D0E0F18FEEDBEEF
1589842204.23, -73, 37, E1:9E:4A:98:54:22, 166FFD000102030405060708090A0B0C0D0E0F18FEEDBEEF
1589842204.34, -68, 38, E1:9E:4A:98:54:22, 166FFD000102030405060708090A0B0C0D0E0F18FEEDBEEF
1589842204.44, -73, 37, E1:9E:4A:98:54:22, 166FFD000102030405060708090A0B0C0D0E0F18FEEDBEEF
1589842204.55, -68, 38, E1:9E:4A:98:54:22, 166FFD000102030405060708090A0B0C0D0E0F18FEEDBEEF
1589842204.66, -73, 37, E1:9E:4A:98:54:22, 166FFD000102030405060708090A0B0C0D0E0F18FEEDBEEF
1589842204.87, -68, 38, E1:9E:4A:98:54:22, 166FFD000102030405060708090A0B0C0D0E0F18FEEDBEEF
1589842204.98, -73, 37, E1:9E:4A:98:54:22, 166FFD000102030405060708090A0B0C0D0E0F18FEEDBEEF
1589842205.18, -68, 38, E1:9E:4A:98:54:22, 166FFD000102030405060708090A0B0C0D0E0F18FEEDBEEF
1589842205.28, -79, 39, E1:9E:4A:98:54:22, 166FFD000102030405060708090A0B0C0D0E0F18FEEDBEEF
1589842205.39, -73, 37, E1:9E:4A:98:54:22, 166FFD000102030405060708090A0B0C0D0E0F18FEEDBEEF
1589842205.49, -68, 38, E1:9E:4A:98:54:22, 166FFD000102030405060708090A0B0C0D0E0F18FEEDBEEF
1589842205.59, -79, 39, E1:9E:4A:98:54:22, 166FFD000102030405060708090A0B0C0D0E0F18FEEDBEEF
1589842205.69, -68, 38, E1:9E:4A:98:54:22, 166FFD000102030405060708090A0B0C0D0E0F18FEEDBEEF
1589842205.91, -73, 37, E1:9E:4A:98:54:22, 166FFD000102030405060708090A0B0C0D0E0F18FEEDBEEF
1589842206.12, -73, 37, E1:9E:4A:98:54:22, 166FFD000102030405060708090A0B0C0D0E0F18FEEDBEEF
1589842206.44, -68, 38, E1:9E:4A:98:54:22, 166FFD000102030405060708090A0B0C0D0E0F18FEEDBEEF
1589842206.54, -73, 37, E1:9E:4A:98:54:22, 166FFD000102030405060708090A0B0C0D0E0F18FEEDBEEF
1589842206.64, -68, 38, E1:9E:4A:98:54:22, 166FFD000102030405060708090A0B0C0D0E0F18FEEDBEEF
1589842206.75, -73, 37, E1:9E:4A:98:54:22, 166FFD000102030405060708090A0B0C0D0E0F18FEEDBEEF
1589842206.95, -68, 38, E1:9E:4A:98:54:22, 166FFD000102030405060708090A0B0C0D0E0F18FEEDBEEF
1589842207.06, -79, 39, E1:9E:4A:98:54:22, 166FFD000102030405060708090A0B0C0D0E0F18FEEDBEEF
1589842207.17, -73, 37, E1:9E:4A:98:54:22, 166FFD000102030405060708090A0B0C0D0E0F18FEEDBEEF
1589842207.27, -68, 38, E1:9E:4A:98:54:22, 166FFD000102030405060708090A0B0C0D0E0F18FEEDBEEF
1589842207.38, -73, 37, E1:9E:4A:98:54:22, 166FFD000102030405060708090A0B0C0D0E0F18FEEDBEEF
1589842207.58, -68, 38, E1:9E:4A:98:54:22, 166FFD000102030405060708090A0B0C0D0E0F18FEEDBEEF
1589842207.69, -79, 39, E1:9E:4A:98:54:22, 166FFD000102030405060708090A0B0C0D0E0F18FEEDBEEF
1589842207.80, -73, 37, E1:9E:4A:98:54:22, 166FFD000102030405060708090A0B0C0D0E0F18FEEDBEEF
1589842207.90, -68, 38, E1:9E:4A:98:54:22, 166FFD000102030405060708090A0B0C0D0E0F18FEEDBEEF
1589842208.01, -79, 39, E1:9E:4A:98:54:22, 166FFD000102030405060708090A0B0C0D0E0F18FEEDBEEF
1589842208.11, -73, 37, E1:9E:4A:98:54:22, 166FFD000102030405060708090A0B0C0D0E0F18FEEDBEEF
1589842208.21, -67, 38, E1:9E:4A:98:54:22, 166FFD000102030405060708090A0B0C0D0E0F18FEEDBEEF
1589842208.32, -79, 39, E1:9E:4A:98:54:22, 166FFD000102030405060708090A0B0C0D0E0F18FEEDBEEF
1589842208.42, -68, 38, E1:9E:4A:98:54:22, 166FFD000102030405060708090A0B0C0D0E0F18FEEDBEEF
1589842208.63, -79, 39, E1:9E:4A:98:54:22, 166FFD000102030405060708090A0B0C0D0E0F18FEEDBEEF
1589842208.73, -73, 37, E1:9E:4A:98:54:22, 166FFD000102030405060708090A0B0C0D0E0F18FEEDBEEF
1589842208.84, -68, 38, E1:9E:4A:98:54:22, 166FFD000102030405060708090A0B0C0D0E0F18FEEDBEEF
1589842208.94, -73, 37, E1:9E:4A:98:54:22, 166FFD000102030405060708090A0B0C0D0E0F18FEEDBEEF
1589842209.05, -68, 38, E1:9E:4A:98:54:22, 166FFD000102030405060708090A0B0C0D0E0F18FEEDBEEF
1589842209.15, -79, 39, E1:9E:4A:98:54:22, 166FFD000102030405060708090A0B0C0D0E0F18FEEDBEEF
1589842209.26, -73, 37, E1:9E:4A:98:54:22, 166FFD000102030405060708090A0B0C0D0E0F18FEEDBEEF
1589842209.36, -68, 38, E1:9E:4A:98:54:22, 166FFD000102030405060708090A0B0C0D0E0F18FEEDBEEF
1589842209.47, -73, 37, E1:9E:4A:98:54:22, 166FFD000102030405060708090A0B0C0D0E0F18FEEDBEEF
1589842209.68, -68, 38, E1:9E:4A:98:54:22, 166FFD000102030405060708090A0B0C0D0E0F18FEEDBEEF
1589842209.78, -78, 39, E1:9E:4A:98:54:22, 166FFD000102030405060708090A0B0C0D0E0F18FEEDBEEF
1589842209.88, -73, 37, E1:9E:4A:98:54:22, 166FFD000102030405060708090A0B0C0D0E0F18FEEDBEEF
1589842209.98, -68, 38, E1:9E:4A:98:54:22, 166FFD000102030405060708090A0B0C0D0E0F18FEEDBEEF
1589842210.09, -78, 39, E1:9E:4A:98:54:22, 166FFD000102030405060708090A0B0C0D0E0F18FEEDBEEF
1589842210.20, -73, 37, E1:9E:4A:98:54:22, 166FFD000102030405060708090A0B0C0D0E0F18FEEDBEEF
1589842210.30, -68, 38, E1:9E:4A:98:54:22, 166FFD000102030405060708090A0B0C0D0E0F18FEEDBEEF
1589842210.41, -79, 39, E1:9E:4A:98:54:22, 166FFD000102030405060708090A0B0C0D0E0F18FEEDBEEF
1589842210.52, -73, 37, E1:9E:4A:98:54:22, 166FFD000102030405060708090A0B0C0D0E0F18FEEDBEEF
1589842210.62, -68, 38, E1:9E:4A:98:54:22, 166FFD000102030405060708090A0B0C0D0E0F18FEEDBEEF
1589842210.73, -79, 39, E1:9E:4A:98:54:22, 166FFD000102030405060708090A0B0C0D0E0F18FEEDBEEF
1589842210.83, -73, 37, E1:9E:4A:98:54:22, 166FFD000102030405060708090A0B0C0D0E0F18FEEDBEEF
1589842210.93, -73, 37, E1:9E:4A:98:54:22, 166FFD000102030405060708090A0B0C0D0E0F18FEEDBEEF
1589842211.14, -79, 39, E1:9E:4A:98:54:22, 166FFD000102030405060708090A0B0C0D0E0F18FEEDBEEF
1589842211.35, -73, 37, E1:9E:4A:98:54:22, 166FFD000102030405060708090A0B0C0D0E0F18FEEDBEEF
1589842211.46, -68, 38, E1:9E:4A:98:54:22, 166FFD000102030405060708090A0B0C0D0E0F18FEEDBEEF
1589842211.57, -79, 39, E1:9E:4A:98:54:22, 166FFD000102030405060708090A0B0C0D0E0F18FEEDBEEF
1589842211.67, -73, 37, E1:9E:4A:98:54:22, 166FFD000102030405060708090A0B0C0D0E0F18FEEDBEEF
1589842211.77, -68, 38, E1:9E:4A:98:54:22, 166FFD000102030405060708090A0B0C0D0E0F18FEEDBEEF
1589842211.88, -73, 37, E1:9E:4A:98:54:22, 166FFD000102030405060708090A0B0C0D0E0F18FEEDBEEF
1589842212.09, -68, 38, E1:9E:4A:98:54:22, 166FFD000102030405060708090A0B0C0D0E0F18FEEDBEEF
1589842212.20, -79, 39, E1:9E:4A:98:54:22, 166FFD000102030405060708090A0B0C0D0E0F18FEEDBEEF
1589842212.30, -73, 37, E1:9E:4A:98:54:22, 166FFD000102030405060708090A0B0C0D0E0F18FEEDBEEF
1589842212.40, -65, 38, E1:9E:4A:98:54:22, 166FFD000102030405060708090A0B0C0D0E0F18FEEDBEEF
1589842212.51, -80, 39, E1:9E:4A:98:54:22, 166FFD000102030405060708090A0B0C0D0E0F18FEEDBEEF
1589842212.61, -73, 37, E1:9E:4A:98:54:22, 166FFD000102030405060708090A0B0C0D0E0F18FEEDBEEF
1589842212.72, -68, 38, E1:9E:4A:98:54:22, 166FFD000102030405060708090A0B0C0D0E0F18FEEDBEEF
1589842212.83, -79, 39, E1:9E:4A:98:54:22, 166FFD000102030405060708090A0B0C0D0E0F18FEEDBEEF
1589842212.94, -73, 37, E1:9E:4A:98:54:22, 166FFD000102030405060708090A0B0C0D0E0F18FEEDBEEF
1589842213.04, -68, 38, E1:9E:4A:98:54:22, 166FFD000102030405060708090A0B0C0D0E0F18FEEDBEEF
1589842213.14, -73, 37, E1:9E:4A:98:54:22, 166FFD000102030405060708090A0B0C0D0E0F18FEEDBEEF
1589842213.24, -68, 38, E1:9E:4A:98:54:22, 166FFD000102030405060708090A0B0C0D0E0F18FEEDBEEF
1589842213.35, -79, 39, E1:9E:4A:98:54:22, 166FFD000102030405060708090A0B0C0D0E0F18FEEDBEEF
1589842213.45, -68, 38, E1:9E:4A:98:54:22, 166FFD000102030405060708090A0B0C0D0E0F18FEEDBEEF
1589842213.67, -79, 39, E1:9E:4A:98:54:22, 166FFD000102030405060708090A0B0C0D0E0F18FEEDBEEF
1589842213.77, -73, 37, E1:9E:4A:98:54:22, 166FFD000102030405060708090A0B0C0D0E0F18FEEDBEEF
1589842213.88, -68, 38, E1:9E:4A:98:54:22, 166FFD000102030405060708090A0B0C0D0E0F18FEEDBEEF
1589842213.98, -79, 39, E1:9E:4A:98:54:22, 166FFD000102030405060708090A0B0C0D0E0F18FEEDBEEF
1589842214.08, -73, 37, E1:9E:4A:98:54:22, 166FFD000102030405060708090A0B0C0D0E0F18FEEDBEEF
1589842214.19, -68, 38, E1:9E:4A:98:54:22, 166FFD000102030405060708090A0B0C0D0E0F18FEEDBEEF
1589842214.29, -73, 37, E1:9E:4A:98:54:22, 166FFD000102030405060708090A0B0C0D0E0F18FEEDBEEF
1589842214.50, -68, 38, E1:9E:4A:98:54:22, 166FFD000102030405060708090A0B0C0D0E0F18FEEDBEEF
1589842214.61, -79, 39, E1:9E:4A:98:54:22, 166FFD000102030405060708090A0B0C0D0E0F18FEEDBEEF
1589842214.71, -73, 37, E1:9E:4A:98:54:22, 166FFD000102030405060708090A0B0C0D0E0F18FEEDBEEF
1589842214.81, -79, 39, E1:9E:4A:98:54:22, 166FFD000102030405060708090A0B0C0D0E0F18FEEDBEEF
1589842215.02, -79, 39, E1:9E:4A:98:54:22, 166FFD000102030405060708090A0B0C0D0E0F18FEEDBEEF
1589842215.33, -73, 37, E1:9E:4A:98:54:22, 166FFD000102030405060708090A0B0C0D0E0F18FEEDBEEF
1589842215.44, -73, 37, E1:9E:4A:98:54:22, 166FFD000102030405060708090A0B0C0D0E0F18FEEDBEEF
1589842215.65, -68, 38, E1:9E:4A:98:54:22, 166FFD000102030405060708090A0B0C0D0E0F18FEEDBEEF
1589842215.75, -79, 39, E1:9E:4A:98:54:22, 166FFD000102030405060708090A0B0C0D0E0F18FEEDBEEF
1589842215.86, -73, 37, E1:9E:4A:98:54:22, 166FFD000102030405060708090A0B0C0D0E0F18FEEDBEEF
1589842215.96, -68, 38, E1:9E:4A:98:54:22, 166FFD000102030405060708090A0B0C0D0E0F18FEEDBEEF
1589842216.07, -79, 39, E1:9E:4A:98:54:22, 166FFD000102030405060708090A0B0C0D0E0F18FEEDBEEF
1589842216.18, -73, 37, E1:9E:4A:98:54:22, 166FFD000102030405060708090A0B0C0D0E0F18FEEDBEEF
1589842216.28, -73, 37, E1:9E:4A:98:54:22, 166FFD000102030405060708090A0B0C0D0E0F18FEEDBEEF
1589842216.59, -68, 38, E1:9E:4A:98:54:22, 166FFD000102030405060708090A0B0C0D0E0F18FEEDBEEF
1589842216.70, -79, 39, E1:9E:4A:98:54:22, 166FFD000102030405060708090A0B0C0D0E0F18FEEDBEEF
1589842216.80, -73, 37, E1:9E:4A:98:54:22, 166FFD000102030405060708090A0B0C0D0E0F18FEEDBEEF
1589842216.90, -67, 38, E1:9E:4A:98:54:22, 166FFD000102030405060708090A0B0C0D0E0F18FEEDBEEF
1589842217.00, -78, 39, E1:9E:4A:98:54:22, 166FFD000102030405060708090A0B0C0D0E0F18FEEDBEEF
1589842217.11, -73, 37, E1:9E:4A:98:54:22, 166FFD000102030405060708090A0B0C0D0E0F18FEEDBEEF
1589842217.21, -68, 38, E1:9E:4A:98:54:22, 166FFD000102030405060708090A0B0C0D0E0F18FEEDBEEF
1589842217.32, -79, 39, E1:9E:4A:98:54:22, 166FFD000102030405060708090A0B0C0D0E0F18FEEDBEEF
1589842217.42, -73, 37, E1:9E:4A:98:54:22, 166FFD000102030405060708090A0B0C0D0E0F18FEEDBEEF
1589842217.52, -68, 38, E1:9E:4A:98:54:22, 166FFD000102030405060708090A0B0C0D0E0F18FEEDBEEF
1589842217.63, -78, 39, E1:9E:4A:98:54:22, 166FFD000102030405060708090A0B0C0D0E0F18FEEDBEEF
1589842217.74, -73, 37, E1:9E:4A:98:54:22, 166FFD000102030405060708090A0B0C0D0E0F18FEEDBEEF
1589842217.84, -78, 39, E1:9E:4A:98:54:22, 166FFD000102030405060708090A0B0C0D0E0F18FEEDBEEF
1589842217.94, -73, 37, E1:9E:4A:98:54:22, 166FFD000102030405060708090A0B0C0D0E0F18FEEDBEEF
1589842218.04, -68, 38, E1:9E:4A:98:54:22, 166FFD000102030405060708090A0B0C0D0E0F18FEEDBEEF
1589842218.15, -78, 39, E1:9E:4A:98:54:22, 166FFD000102030405060708090A0B0C0D0E0F18FEEDBEEF
1589842218.25, -73, 37, E1:9E:4A:98:54:22, 166FFD000102030405060708090A0B0C0D0E0F18FEEDBEEF
1589842218.36, -68, 38, E1:9E:4A:98:54:22, 166FFD000102030405060708090A0B0C0D0E0F18FEEDBEEF
1589842218.46, -79, 39, E1:9E:4A:98:54:22, 166FFD000102030405060708090A0B0C0D0E0F18FEEDBEEF
1589842218.56, -73, 37, E1:9E:4A:98:54:22, 166FFD000102030405060708090A0B0C0D0E0F18FEEDBEEF
1589842218.66, -68, 38, E1:9E:4A:98:54:22, 166FFD000102030405060708090A0B0C0D0E0F18FEEDBEEF
1589842218.76, -78, 39, E1:9E:4A:98:54:22, 166FFD000102030405060708090A0B0C0D0E0F18FEEDBEEF
1589842218.87, -73, 37, E1:9E:4A:98:54:22, 166FFD000102030405060708090A0B0C0D0E0F18FEEDBEEF
1589842218.98, -68, 38, E1:9E:4A:98:54:22, 166FFD000102030405060708090A0B0C0D0E0F18FEEDBEEF
1589842219.09, -78, 39, E1:9E:4A:98:54:22, 166FFD000102030405060708090A0B0C0D0E0F18FEEDBEEF
1589842219.19, -73, 37, E1:9E:4A:98:54:22, 166FFD000102030405060708090A0B0C0D0E0F18FEEDBEEF
1589842219.29, -68, 38, E1:9E:4A:98:54:22, 166FFD000102030405060708090A0B0C0D0E0F18FEEDBEEF
1589842219.40, -78, 39, E1:9E:4A:98:54:22, 166FFD000102030405060708090A0B0C0D0E0F18FEEDBEEF
1589842219.50, -73, 37, E1:9E:4A:98:54:22, 166FFD000102030405060708090A0B0C0D0E0F18FEEDBEEF
1589842219.61, -69, 38, E1:9E:4A:98:54:22, 166FFD000102030405060708090A0B0C0D0E0F18FEEDBEEF
1589842219.71, -78, 39, E1:9E:4A:98:54:22, 166FFD000102030405060708090A0B0C0D0E0F18FEEDBEEF
1589842219.82, -73, 37, E1:9E:4A:98:54:22, 166FFD000102030405060708090A0B0C0D0E0F18FEEDBEEF
1589842219.93, -79, 39, E1:9E:4A:98:54:22, 166FFD000102030405060708090A0B0C0D0E0F18FEEDBEEF
1589842220.04, -73, 37, E1:9E:4A:98:54:22, 166FFD000102030405060708090A0B0C0D0E0F18FEEDBEEF
1589842220.15, -68, 38, E1:9E:4A:98:54:22, 166FFD000102030405060708090A0B0C0D0E0F18FEEDBEEF
1589842220.26, -79, 39, E1:9E:4A:98:54:22, 166FFD000102030405060708090A0B0C0D0E0F18FEEDBEEF
1589842220.37, -73, 37, E1:9E:4A:98:54:22, 166FFD000102030405060708090A0B0C0D0E0F18FEEDBEEF
1589842220.47, -68, 38, E1:9E:4A:98:54:22, 166FFD000102030405060708090A0B0C0D0E0F18FEEDBEEF
1589842220.58, -79, 39, E1:9E:4A:98:54:22, 166FFD000102030405060708090A0B0C0D0E0F18FEEDBEEF
1589842220.68, -73, 37, E1:9E:4A:98:54:22, 166FFD000102030405060708090A0B0C0D0E0F18FEEDBEEF
1589842220.78, -79, 39, E1:9E:4A:98:54:22, 166FFD000102030405060708090A0B0C0D0E0F18FEEDBEEF
1589842220.99, -74, 37, E1:9E:4A:98:54:22, 166FFD000102030405060708090A0B0C0D0E0F18FEEDBEEF
1589842221.09, -69, 38, E1:9E:4A:98:54:22, 166FFD000102030405060708090A0B0C0D0E0F18FEEDBEEF
1589842221.20, -79, 39, E1:9E:4A:98:54:22, 166FFD000102030405060708090A0B0C0D0E0F18FEEDBEEF
1589842221.31, -73, 37, E1:9E:4A:98:54:22, 166FFD000102030405060708090A0B0C0D0E0F18FEEDBEEF
1589842221.41, -69, 38, E1:9E:4A:98:54:22, 166FFD000102030405060708090A0B0C0D0E0F18FEEDBEEF
1589842221.52, -79, 39, E1:9E:4A:98:54:22, 166FFD000102030405060708090A0B0C0D0E0F18FEEDBEEF
1589842221.63, -74, 37, E1:9E:4A:98:54:22, 166FFD000102030405060708090A0B0C0D0E0F18FEEDBEEF
1589842221.73, -69, 38, E1:9E:4A:98:54:22, 166FFD000102030405060708090A0B0C0D0E0F18FEEDBEEF
1589842221.83, -74, 37, E1:9E:4A:98:54:22, 166FFD000102030405060708090A0B0C0D0E0F18FEEDBEEF
1589842222.25, -69, 38, E1:9E:4A:98:54:22, 166FFD000102030405060708090A0B0C0D0E0F18FEEDBEEF
1589842222.36, -79, 39, E1:9E:4A:98:54:22, 166FFD000102030405060708090A0B0C0D0E0F18FEEDBEEF
1589842222.46, -73, 37, E1:9E:4A:98:54:22, 166FFD000102030405060708090A0B0C0D0E0F18FEEDBEEF
1589842222.56, -69, 38, E1:9E:4A:98:54:22, 166FFD000102030405060708090A0B0C0D0E0F18FEEDBEEF
1589842222.67, -79, 39, E1:9E:4A:98:54:22, 166FFD000102030405060708090A0B0C0D0E0F18FEEDBEEF
1589842222.78, -74, 37, E1:9E:4A:98:54:22, 166FFD000102030405060708090A0B0C0D0E0F18FEEDBEEF
1589842222.88, -69, 38, E1:9E:4A:98:54:22, 166FFD000102030405060708090A0B0C0D0E0F18FEEDBEEF
1589842222.99, -74, 37, E1:9E:4A:98:54:22, 166FFD000102030405060708090A0B0C0D0E0F18FEEDBEEF
1589842223.20, -69, 38, E1:9E:4A:98:54:22, 166FFD000102030405060708090A0B0C0D0E0F18FEEDBEEF
1589842223.30, -79, 39, E1:9E:4A:98:54:22, 166FFD000102030405060708090A0B0C0D0E0F18FEEDBEEF
1589842223.41, -74, 37, E1:9E:4A:98:54:22, 166FFD000102030405060708090A0B0C0D0E0F18FEEDBEEF
1589842223.51, -69, 38, E1:9E:4A:98:54:22, 166FFD000102030405060708090A0B0C0D0E0F18FEEDBEEF
1589842223.61, -74, 37, E1:9E:4A:98:54:22, 166FFD000102030405060708090A0B0C0D0E0F18FEEDBEEF
1589842223.82, -78, 39, E1:9E:4A:98:54:22, 166FFD000102030405060708090A0B0C0D0E0F18FEEDBEEF
1589842224.02, -74, 37, E1:9E:4A:98:54:22, 166FFD000102030405060708090A0B0C0D0E0F18FEEDBEEF
1589842224.13, -74, 37, E1:9E:4A:98:54:22, 166FFD000102030405060708090A0B0C0D0E0F18FEEDBEEF
1589842224.35, -69, 38, E1:9E:4A:98:54:22, 166FFD000102030405060708090A0B0C0D0E0F18FEEDBEEF
1589842224.45, -73, 37, E1:9E:4A:98:54:22, 166FFD000102030405060708090A0B0C0D0E0F18FEEDBEEF
1589842224.66, -69, 38, E1:9E:4A:98:54:22, 166FFD000102030405060708090A0B0C0D0E0F18FEEDBEEF
1589842224.76, -74, 37, E1:9E:4A:98:54:22, 166FFD000102030405060708090A0B0C0D0E0F18FEEDBEEF
1589842224.97, -69, 38, E1:9E:4A:98:54:22, 166FFD000102030405060708090A0B0C0D0E0F18FEEDBEEF
1589842225.07, -74, 37, E1:9E:4A:98:54:22, 166FFD000102030405060708090A0B0C0D0E0F18FEEDBEEF
1589842225.27, -69, 38, E1:9E:4A:98:54:22, 166FFD000102030405060708090A0B0C0D0E0F18FEEDBEEF
1589842225.37, -79, 39, E1:9E:4A:98:54:22, 166FFD000102030405060708090A0B0C0D0E0F18FEEDBEEF
1589842225.48, -74, 37, E1:9E:4A:98:54:22, 166FFD000102030405060708090A0B0C0D0E0F18FEEDBEEF
1589842225.58, -69, 38, E1:9E:4A:98:54:22, 166FFD000102030405060708090A0B0C0D0E0F18FEEDBEEF
1589842225.68, -79, 39, E1:9E:4A:98:54:22, 166FFD000102030405060708090A0B0C0D0E0F18FEEDBEEF
1589842225.79, -74, 37, E1:9E:4A:98:54:22, 166FFD000102030405060708090A0B0C0D0E0F18FEEDBEEF
1589842225.90, -69, 38, E1:9E:4A:98:54:22, 166FFD000102030405060708090A0B0C0D0E0F18FEEDBEEF
1589842226.00, -74, 37, E1:9E:4A:98:54:22, 166FFD000102030405060708090A0B0C0D0E0F18FEEDBEEF
1589842226.21, -69, 38, E1:9E:4A:98:54:22, 166FFD000102030405060708090A0B0C0D0E0F18FEEDBEEF
1589842226.31, -79, 39, E1:9E:4A:98:54:22, 166FFD000102030405060708090A0B0C0D0E0F18FEEDBEEF
1589842226.42, -74, 37, E1:9E:4A:98:54:22, 166FFD000102030405060708090A0B0C0D0E0F18FEEDBEEF
1589842226.52, -69, 38, E1:9E:4A:98:54:22, 166FFD000102030405060708090A0B0C0D0E0F18FEEDBEEF
1589842226.62, -73, 37, E1:9E:4A:98:54:22, 166FFD000102030405060708090A0B0C0D0E0F18FEEDBEEF
1589842226.83, -69, 38, E1:9E:4A:98:54:22, 166FFD000102030405060708090A0B0C0D0E0F18FEEDBEEF
1589842226.93, -79, 39, E1:9E:4A:98:54:22, 166FFD000102030405060708090A0B0C0D0E0F18FEEDBEEF
1589842227.04, -74, 37, E1:9E:4A:98:54:22, 166FFD000102030405060708090A0B0C0D0E0F18FEEDBEEF
1589842227.14, -79, 39, E1:9E:4A:98:54:22, 166FFD000102030405060708090A0B0C0D0E0F18FEEDBEEF
1589842227.24, -74, 37, E1:9E:4A:98:54:22, 166FFD000102030405060708090A0B0C0D0E0F18FEEDBEEF
1589842227.35, -79, 39, E1:9E:4A:98:54:22, 166FFD000102030405060708090A0B0C0D0E0F18FEEDBEEF
1589842227.56, -74, 37, E1:9E:4A:98:54:22, 166FFD000102030405060708090A0B0C0D0E0F18FEEDBEEF
1589842227.66, -69, 38, E1:9E:4A:98:54:22, 166FFD000102030405060708090A0B0C0D0E0F18FEEDBEEF
1589842227.77, -74, 37, E1:9E:4A:98:54:22, 166FFD000102030405060708090A0B0C0D0E0F18FEEDBEEF
1589842227.98, -69, 38, E1:9E:4A:98:54:22, 166FFD000102030405060708090A0B0C0D0E0F18FEEDBEEF
1589842228.08, -74, 37, E1:9E:4A:98:54:22, 166FFD000102030405060708090A0B0C0D0E0F18FEEDBEEF
1589842228.29, -69, 38, E1:9E:4A:98:54:22, 166FFD000102030405060708090A0B0C0D0E0F18FEEDBEEF
1589842228.40, -79, 39, E1:9E:4A:98:54:22, 166FFD000102030405060708090A0B0C0D0E0F18FEEDBEEF
1589842228.50, -74, 37, E1:9E:4A:98:54:22, 166FFD000102030405060708090A0B0C0D0E0F18FEEDBEEF
1589842228.60, -69, 38, E1:9E:4A:98:54:22, 166FFD000102030405060708090A0B0C0D0E0F18FEEDBEEF
1589842228.71, -79, 39, E1:9E:4A:98:54:22, 166FFD000102030405060708090A0B0C0D0E0F18FEEDBEEF
1589842228.81, -74, 37, E1:9E:4A:98:54:22, 166FFD000102030405060708090A0B0C0D0E0F18FEEDBEEF
1589842228.91, -70, 38, E1:9E:4A:98:54:22, 166FFD000102030405060708090A0B0C0D0E0F18FEEDBEEF
1589842229.02, -79, 39, E1:9E:4A:98:54:22, 166FFD000102030405060708090A0B0C0D0E0F18FEEDBEEF
1589842229.12, -74, 37, E1:9E:4A:98:54:22, 166FFD000102030405060708090A0B0C0D0E0F18FEEDBEEF
1589842229.23, -69, 38, E1:9E:4A:98:54:22, 166FFD000102030405060708090A0B0C0D0E0F18FEEDBEEF
1589842229.33, -78, 39, E1:9E:4A:98:54:22, 166FFD000102030405060708090A0B0C0D0E0F18FEEDBEEF
1589842229.43, -74, 37, E1:9E:4A:98:54:22, 166FFD000102030405060708090A0B0C0D0E0F18FEEDBEEF
1589842229.54, -74, 37, E1:9E:4A:98:54:22, 166FFD000102030405060708090A0B0C0D0E0F18FEEDBEEF
1589842229.75, -74, 37, E1:9E:4A:98:54:22, 166FFD000102030405060708090A0B0C0D0E0F18FEEDBEEF
1589842230.06, -69, 38, E1:9E:4A:98:54:22, 166FFD000102030405060708090A0B0C0D0E0F18FEEDBEEF
1589842230.17, -79, 39, E1:9E:4A:98:54:22, 166FFD000102030405060708090A0B0C0D0E0F18FEEDBEEF
1589842230.27, -74, 37, E1:9E:4A:98:54:22, 166FFD000102030405060708090A0B0C0D0E0F18FEEDBEEF
1589842230.38, -69, 38, E1:9E:4A:98:54:22, 166FFD000102030405060708090A0B0C0D0E0F18FEEDBEEF
1589842230.48, -79, 39, E1:9E:4A:98:54:22, 166FFD000102030405060708090A0B0C0D0E0F18FEEDBEEF
1589842230.59, -74, 37, E1:9E:4A:98:54:22, 166FFD000102030405060708090A0B0C0D0E0F18FEEDBEEF
1589842230.70, -79, 39, E1:9E:4A:98:54:22, 166FFD000102030405060708090A0B0C0D0E0F18FEEDBEEF
1589842230.90, -74, 37, E1:9E:4A:98:54:22, 166FFD000102030405060708090A0B0C0D0E0F18FEEDBEEF
1589842231.01, -79, 39, E1:9E:4A:98:54:22, 166FFD000102030405060708090A0B0C0D0E0F18FEEDBEEF
1589842231.23, -74, 37, E1:9E:4A:98:54:22, 166FFD000102030405060708090A0B0C0D0E0F18FEEDBEEF
1589842231.33, -69, 38, E1:9E:4A:98:54:22, 166FFD000102030405060708090A0B0C0D0E0F18FEEDBEEF
1589842231.43, -79, 39, E1:9E:4A:98:54:22, 166FFD000102030405060708090A0B0C0D0E0F18FEEDBEEF
1589842231.53, -74, 37, E1:9E:4A:98:54:22, 166FFD000102030405060708090A0B0C0D0E0F18FEEDBEEF
1589842231.63, -68, 38, E1:9E:4A:98:54:22, 166FFD000102030405060708090A0B0C0D0E0F18FEEDBEEF
1589842231.74, -74, 37, E1:9E:4A:98:54:22, 166FFD000102030405060708090A0B0C0D0E0F18FEEDBEEF
1589842231.84, -69, 38, E1:9E:4A:98:54:22, 166FFD000102030405060708090A0B0C0D0E0F18FEEDBEEF
1589842231.94, -80, 39, E1:9E:4A:98:54:22, 166FFD000102030405060708090A0B0C0D0E0F18FEEDBEEF
1589842232.05, -73, 37, E1:9E:4A:98:54:22, 166FFD000102030405060708090A0B0C0D0E0F18FEEDBEEF
1589842232.15, -69, 38, E1:9E:4A:98:54:22, 166FFD000102030405060708090A0B0C0D0E0F18FEEDBEEF
1589842232.26, -79, 39, E1:9E:4A:98:54:22, 166FFD000102030405060708090A0B0C0D0E0F18FEEDBEEF
1589842232.37, -74, 37, E1:9E:4A:98:54:22, 166FFD000102030405060708090A0B0C0D0E0F18FEEDBEEF
1589842232.47, -73, 37, E1:9E:4A:98:54:22, 166FFD000102030405060708090A0B0C0D0E0F18FEEDBEEF
1589842232.79, -69, 38, E1:9E:4A:98:54:22, 166FFD000102030405060708090A0B0C0D0E0F18FEEDBEEF
1589842232.89, -79, 39, E1:9E:4A:98:54:22, 166FFD000102030405060708090A0B0C0D0E0F18FEEDBEEF
1589842233.00, -74, 37, E1:9E:4A:98:54:22, 166FFD000102030405060708090A0B0C0D0E0F18FEEDBEEF
1589842233.11, -69, 38, E1:9E:4A:98:54:22, 166FFD000102030405060708090A0B0C0D0E0F18FEEDBEEF
1589842233.22, -73, 37, E1:9E:4A:98:54:22, 166FFD000102030405060708090A0B0C0D0E0F18FEEDBEEF
1589842233.42, -69, 38, E1:9E:4A:98:54:22, 166FFD000102030405060708090A0B0C0D0E0F18FEEDBEEF
1589842233.53, -79, 39, E1:9E:4A:98:54:22, 166FFD000102030405060708090A0B0C0D0E0F18FEEDBEEF
1589842233.63, -74, 37, E1:9E:4A:98:54:22, 166FFD000102030405060708090A0B0C0D0E0F18FEEDBEEF
1589842233.73, -74, 37, E1:9E:4A:98:54:22, 166FFD000102030405060708090A0B0C0D0E0F18FEEDBEEF
1589842233.95, -69, 38, E1:9E:4A:98:54:22, 166FFD000102030405060708090A0B0C0D0E0F18FEEDBEEF
1589842234.05, -73, 37, E1:9E:4A:98:54:22, 166FFD000102030405060708090A0B0C0D0E0F18FEEDBEEF
1589842234.27, -69, 38, E1:9E:4A:98:54:22, 166FFD000102030405060708090A0B0C0D0E0F18FEEDBEEF
1589842234.37, -73, 37, E1:9E:4A:98:54:22, 166FFD000102030405060708090A0B0C0D0E0F18FEEDBEEF
1589842234.58, -69, 38, E1:9E:4A:98:54:22, 166FFD000102030405060708090A0B0C0D0E0F18FEEDBEEF
1589842234.69, -79, 39, E1:9E:4A:98:54:22, 166FFD000102030405060708090A0B0C0D0E0F18FEEDBEEF
1589842234.79, -73, 37, E1:9E:4A:98:54:22, 166FFD000102030405060708090A0B0C0D0E0F18FEEDBEEF
1589842234.89, -69, 38, E1:9E:4A:98:54:22, 166FFD000102030405060708090A0B0C0D0E0F18FEEDBEEF
1589842235.00, -79, 39, E1:9E:4A:98:54:22, 166FFD000102030405060708090A0B0C0D0E0F18FEEDBEEF
1589842235.11, -68, 38, E1:9E:4A:98:54:22, 166FFD000102030405060708090A0B0C0D0E0F18FEEDBEEF
1589842235.32, -79, 39, E1:9E:4A:98:54:22, 166FFD000102030405060708090A0B0C0D0E0F18FEEDBEEF
1589842235.42, -73, 37, E1:9E:4A:98:54:22, 166FFD000102030405060708090A0B0C0D0E0F18FEEDBEEF
1589842235.52, -68, 38, E1:9E:4A:98:54:22, 166FFD000102030405060708090A0B0C0D0E0F18FEEDBEEF
1589842235.63, -79, 39, E1:9E:4A:98:54:22, 166FFD000102030405060708090A0B0C0D0E0F18FEEDBEEF
1589842235.73, -73, 37, E1:9E:4A:98:54:22, 166FFD000102030405060708090A0B0C0D0E0F18FEEDBEEF
1589842235.84, -79, 39, E1:9E:4A:98:54:22, 166FFD000102030405060708090A0B0C0D0E0F18FEEDBEEF
1589842235.95, -73, 37, E1:9E:4A:98:54:22, 166FFD000102030405060708090A0B0C0D0E0F18FEEDBEEF
1589842236.04, -69, 38, E1:9E:4A:98:54:22, 166FFD000102030405060708090A0B0C0D0E0F18FEEDBEEF
1589842236.15, -78, 39, E1:9E:4A:98:54:22, 166FFD000102030405060708090A0B0C0D0E0F18FEEDBEEF
1589842236.25, -73, 37, E1:9E:4A:98:54:22, 166FFD000102030405060708090A0B0C0D0E0F18FEEDBEEF
1589842236.36, -69, 38, E1:9E:4A:98:54:22, 166FFD000102030405060708090A0B0C0D0E0F18FEEDBEEF
1589842236.47, -79, 39, E1:9E:4A:98:54:22, 166FFD000102030405060708090A0B0C0D0E0F18FEEDBEEF
1589842236.58, -74, 37, E1:9E:4A:98:54:22, 166FFD000102030405060708090A0B0C0D0E0F18FEEDBEEF
1589842236.68, -69, 38, E1:9E:4A:98:54:22, 166FFD000102030405060708090A0B0C0D0E0F18FEEDBEEF
1589842236.79, -79, 39, E1:9E:4A:98:54:22, 166FFD000102030405060708090A0B0C0D0E0F18FEEDBEEF
1589842236.90, -73, 37, E1:9E:4A:98:54:22, 166FFD000102030405060708090A0B0C0D0E0F18FEEDBEEF
1589842237.00, -69, 38, E1:9E:4A:98:54:22, 166FFD000102030405060708090A0B0C0D0E0F18FEEDBEEF
1589842237.11, -79, 39, E1:9E:4A:98:54:22, 166FFD000102030405060708090A0B0C0D0E0F18FEEDBEEF
1589842237.22, -74, 37, E1:9E:4A:98:54:22, 166FFD000102030405060708090A0B0C0D0E0F18FEEDBEEF
1589842237.32, -69, 38, E1:9E:4A:98:54:22, 166FFD000102030405060708090A0B0C0D0E0F18FEEDBEEF
1589842237.43, -79, 39, E1:9E:4A:98:54:22, 166FFD000102030405060708090A0B0C0D0E0F18FEEDBEEF
1589842237.53, -69, 38, E1:9E:4A:98:54:22, 166FFD000102030405060708090A0B0C0D0E0F18FEEDBEEF
1589842237.74, -68, 38, E1:9E:4A:98:54:22, 166FFD000102030405060708090A0B0C0D0E0F18FEEDBEEF
1589842237.95, -73, 37, E1:9E:4A:98:54:22, 166FFD000102030405060708090A0B0C0D0E0F18FEEDBEEF
1589842238.15, -69, 38, E1:9E:4A:98:54:22, 166FFD000102030405060708090A0B0C0D0E0F18FEEDBEEF
1589842238.26, -79, 39, E1:9E:4A:98:54:22, 166FFD000102030405060708090A0B0C0D0E0F18FEEDBEEF
1589842238.36, -73, 37, E1:9E:4A:98:54:22, 166FFD000102030405060708090A0B0C0D0E0F18FEEDBEEF
1589842238.46, -69, 38, E1:9E:4A:98:54:22, 166FFD000102030405060708090A0B0C0D0E0F18FEEDBEEF
1589842238.57, -73, 37, E1:9E:4A:98:54:22, 166FFD000102030405060708090A0B0C0D0E0F18FEEDBEEF
1589842238.78, -68, 38, E1:9E:4A:98:54:22, 166FFD000102030405060708090A0B0C0D0E0F18FEEDBEEF
1589842238.88, -79, 39, E1:9E:4A:98:54:22, 166FFD000102030405060708090A0B0C0D0E0F18FEEDBEEF
1589842238.99, -73, 37, E1:9E:4A:98:54:22, 166FFD000102030405060708090A0B0C0D0E0F18FEEDBEEF
1589842239.09, -80, 39, E1:9E:4A:98:54:22, 166FFD000102030405060708090A0B0C0D0E0F18FEEDBEEF
1589842239.31, -73, 37, E1:9E:4A:98:54:22, 166FFD000102030405060708090A0B0C0D0E0F18FEEDBEEF
1589842239.41, -68, 38, E1:9E:4A:98:54:22, 166FFD000102030405060708090A0B0C0D0E0F18FEEDBEEF
1589842239.52, -73, 37, E1:9E:4A:98:54:22, 166FFD000102030405060708090A0B0C0D0E0F18FEEDBEEF
1589842239.73, -68, 38, E1:9E:4A:98:54:22, 166FFD000102030405060708090A0B0C0D0E0F18FEEDBEEF
1589842239.84, -73, 37, E1:9E:4A:98:54:22, 166FFD000102030405060708090A0B0C0D0E0F18FEEDBEEF
1589842239.95, -68, 38, E1:9E:4A:98:54:22, 166FFD000102030405060708090A0B0C0D0E0F18FEEDBEEF
1589842240.05, -78, 39, E1:9E:4A:98:54:22, 166FFD000102030405060708090A0B0C0D0E0F18FEEDBEEF
1589842240.16, -68, 38, E1:9E:4A:98:54:22, 166FFD000102030405060708090A0B0C0D0E0F18FEEDBEEF
1589842240.37, -79, 39, E1:9E:4A:98:54:22, 166FFD000102030405060708090A0B0C0D0E0F18FEEDBEEF
1589842240.48, -73, 37, E1:9E:4A:98:54:22, 166FFD000102030405060708090A0B0C0D0E0F18FEEDBEEF
1589842240.59, -68, 38, E1:9E:4A:98:54:22, 166FFD000102030405060708090A0B0C0D0E0F18FEEDBEEF
1589842240.69, -80, 39, E1:9E:4A:98:54:22, 166FFD000102030405060708090A0B0C0D0E0F18FEEDBEEF
1589842240.80, -74, 37, E1:9E:4A:98:54:22, 166FFD000102030405060708090A0B0C0D0E0F18FEEDBEEF
1589842240.90, -69, 38, E1:9E:4A:98:54:22, 166FFD000102030405060708090A0B0C0D0E0F18FEEDBEEF
1589842241.00, -79, 39, E1:9E:4A:98:54:22, 166FFD000102030405060708090A0B0C0D0E0F18FEEDBEEF
1589842241.10, -74, 37, E1:9E:4A:98:54:22, 166FFD000102030405060708090A0B0C0D0E0F18FEEDBEEF
1589842241.21, -68, 38, E1:9E:4A:98:54:22, 166FFD000102030405060708090A0B0C0D0E0F18FEEDBEEF
1589842241.31, -80, 39, E1:9E:4A:98:54:22, 166FFD000102030405060708090A0B0C0D0E0F18FEEDBEEF
1589842241.42, -73, 37, E1:9E:4A:98:54:22, 166FFD000102030405060708090A0B0C0D0E0F18FEEDBEEF
1589842241.53, -79, 39, E1:9E:4A:98:54:22, 166FFD000102030405060708090A0B0C0D0E0F18FEEDBEEF
1589842241.74, -73, 37, E1:9E:4A:98:54:22, 166FFD000102030405060708090A0B0C0D0E0F18FEEDBEEF
1589842241.83, -80, 39, E1:9E:4A:98:54:22, 166FFD000102030405060708090A0B0C0D0E0F18FEEDBEEF
1589842241.94, -73, 37, E1:9E:4A:98:54:22, 166FFD000102030405060708090A0B0C0D0E0F18FEEDBEEF
1589842242.04, -69, 38, E1:9E:4A:98:54:22, 166FFD000102030405060708090A0B0C0D0E0F18FEEDBEEF
1589842242.15, -73, 37, E1:9E:4A:98:54:22, 166FFD000102030405060708090A0B0C0D0E0F18FEEDBEEF
1589842242.36, -69, 38, E1:9E:4A:98:54:22, 166FFD000102030405060708090A0B0C0D0E0F18FEEDBEEF
1589842242.46, -73, 37, E1:9E:4A:98:54:22, 166FFD000102030405060708090A0B0C0D0E0F18FEEDBEEF
1589842242.67, -68, 38, E1:9E:4A:98:54:22, 166FFD000102030405060708090A0B0C0D0E0F18FEEDBEEF
1589842242.77, -80, 39, E1:9E:4A:98:54:22, 166FFD000102030405060708090A0B0C0D0E0F18FEEDBEEF
1589842242.87, -73, 37, E1:9E:4A:98:54:22, 166FFD000102030405060708090A0B0C0D0E0F18FEEDBEEF
1589842242.98, -69, 38, E1:9E:4A:98:54:22, 166FFD000102030405060708090A0B0C0D0E0F18FEEDBEEF
1589842243.09, -79, 39, E1:9E:4A:98:54:22, 166FFD000102030405060708090A0B0C0D0E0F18FEEDBEEF
1589842243.20, -73, 37, E1:9E:4A:98:54:22, 166FFD000102030405060708090A0B0C0D0E0F18FEEDBEEF
1589842243.30, -78, 39, E1:9E:4A:98:54:22, 166FFD000102030405060708090A0B0C0D0E0F18FEEDBEEF
1589842243.51, -73, 37, E1:9E:4A:98:54:22, 166FFD000102030405060708090A0B0C0D0E0F18FEEDBEEF
1589842243.61, -79, 39, E1:9E:4A:98:54:22, 166FFD000102030405060708090A0B0C0D0E0F18FEEDBEEF
1589842243.82, -73, 37, E1:9E:4A:98:54:22, 166FFD000102030405060708090A0B0C0D0E0F18FEEDBEEF
1589842243.92, -69, 38, E1:9E:4A:98:54:22, 166FFD000102030405060708090A0B0C0D0E0F18FEEDBEEF
1589842244.03, -79, 39, E1:9E:4A:98:54:22, 166FFD000102030405060708090A0B0C0D0E0F18FEEDBEEF
1589842244.13, -74, 37, E1:9E:4A:98:54:22, 166FFD000102030405060708090A0B0C0D0E0F18FEEDBEEF
1589842244.24, -73, 37, E1:9E:4A:98:54:22, 166FFD000102030405060708090A0B0C0D0E0F18FEEDBEEF
1589842244.45, -68, 38, E1:9E:4A:98:54:22, 166FFD000102030405060708090A0B0C0D0E0F18FEEDBEEF
1589842244.55, -73, 37, E1:9E:4A:98:54:22, 166FFD000102030405060708090A0B0C0D0E0F18FEEDBEEF
1589842244.76, -68, 38, E1:9E:4A:98:54:22, 166FFD000102030405060708090A0B0C0D0E0F18FEEDBEEF
1589842244.86, -76, 39, E1:9E:4A:98:54:22, 166FFD000102030405060708090A0B0C0D0E0F18FEEDBEEF
1589842244.96, -73, 37, E1:9E:4A:98:54:22, 166FFD000102030405060708090A0B0C0D0E0F18FEEDBEEF
1589842245.07, -69, 38, E1:9E:4A:98:54:22, 166FFD000102030405060708090A0B0C0D0E0F18FEEDBEEF
1589842245.17, -74, 37, E1:9E:4A:98:54:22, 166FFD000102030405060708090A0B0C0D0E0F18FEEDBEEF
1589842245.38, -69, 38, E1:9E:4A:98:54:22, 166FFD000102030405060708090A0B0C0D0E0F18FEEDBEEF
1589842245.48, -79, 39, E1:9E:4A:98:54:22, 166FFD000102030405060708090A0B0C0D0E0F18FEEDBEEF
1589842245.59, -74, 37, E1:9E:4A:98:54:22, 166FFD000102030405060708090A0B0C0D0E0F18FEEDBEEF
1589842245.69, -69, 38, E1:9E:4A:98:54:22, 166FFD000102030405060708090A0B0C0D0E0F18FEEDBEEF
1589842245.79, -79, 39, E1:9E:4A:98:54:22, 166FFD000102030405060708090A0B0C0D0E0F18FEEDBEEF
1589842245.90, -74, 37, E1:9E:4A:98:54:22, 166FFD000102030405060708090A0B0C0D0E0F18FEEDBEEF
1589842246.00, -70, 38, E1:9E:4A:98:54:22, 166FFD000102030405060708090A0B0C0D0E0F18FEEDBEEF
1589842246.10, -78, 39, E1:9E:4A:98:54:22, 166FFD000102030405060708090A0B0C0D0E0F18FEEDBEEF
1589842246.21, -74, 37, E1:9E:4A:98:54:22, 166FFD000102030405060708090A0B0C0D0E0F18FEEDBEEF
1589842246.31, -69, 38, E1:9E:4A:98:54:22, 166FFD000102030405060708090A0B0C0D0E0F18FEEDBEEF
1589842246.42, -78, 39, E1:9E:4A:98:54:22, 166FFD000102030405060708090A0B0C0D0E0F18FEEDBEEF
1589842246.53, -73, 37, E1:9E:4A:98:54:22, 166FFD000102030405060708090A0B0C0D0E0F18FEEDBEEF
1589842246.63, -78, 39, E1:9E:4A:98:54:22, 166FFD000102030405060708090A0B0C0D0E0F18FEEDBEEF
1589842246.74, -74, 37, E1:9E:4A:98:54:22, 166FFD000102030405060708090A0B0C0D0E0F18FEEDBEEF
1589842246.85, -79, 39, E1:9E:4A:98:54:22, 166FFD000102030405060708090A0B0C0D0E0F18FEEDBEEF
1589842247.07, -74, 37, E1:9E:4A:98:54:22, 166FFD000102030405060708090A0B0C0D0E0F18FEEDBEEF
1589842247.17, -69, 38, E1:9E:4A:98:54:22, 166FFD000102030405060708090A0B0C0D0E0F18FEEDBEEF
1589842247.28, -79, 39, E1:9E:4A:98:54:22, 166FFD000102030405060708090A0B0C0D0E0F18FEEDBEEF
1589842247.38, -74, 37, E1:9E:4A:98:54:22, 166FFD000102030405060708090A0B0C0D0E0F18FEEDBEEF
1589842247.50, -69, 38, E1:9E:4A:98:54:22, 166FFD000102030405060708090A0B0C0D0E0F18FEEDBEEF
1589842247.60, -74, 37, E1:9E:4A:98:54:22, 166FFD000102030405060708090A0B0C0D0E0F18FEEDBEEF
1589842247.81, -69, 38, E1:9E:4A:98:54:22, 166FFD000102030405060708090A0B0C0D0E0F18FEEDBEEF
1589842247.91, -86, 39, E1:9E:4A:98:54:22, 166FFD000102030405060708090A0B0C0D0E0F18FEEDBEEF
1589842248.02, -74, 37, E1:9E:4A:98:54:22, 166FFD000102030405060708090A0B0C0D0E0F18FEEDBEEF
1589842248.13, -69, 38, E1:9E:4A:98:54:22, 166FFD000102030405060708090A0B0C0D0E0F18FEEDBEEF
1589842248.23, -80, 39, E1:9E:4A:98:54:22, 166FFD000102030405060708090A0B0C0D0E0F18FEEDBEEF
1589842248.33, -69, 38, E1:9E:4A:98:54:22, 166FFD000102030405060708090A0B0C0D0E0F18FEEDBEEF
1589842248.44, -73, 37, E1:9E:4A:98:54:22, 166FFD000102030405060708090A0B0C0D0E0F18FEEDBEEF
1589842248.65, -69, 38, E1:9E:4A:98:54:22, 166FFD000102030405060708090A0B0C0D0E0F18FEEDBEEF
1589842248.75, -73, 37, E1:9E:4A:98:54:22, 166FFD000102030405060708090A0B0C0D0E0F18FEEDBEEF
1589842248.96, -69, 38, E1:9E:4A:98:54:22, 166FFD000102030405060708090A0B0C0D0E0F18FEEDBEEF
1589842249.06, -73, 37, E1:9E:4A:98:54:22, 166FFD000102030405060708090A0B0C0D0E0F18FEEDBEEF
1589842249.27, -70, 38, E1:9E:4A:98:54:22, 166FFD000102030405060708090A0B0C0D0E0F18FEEDBEEF
1589842249.37, -73, 37, E1:9E:4A:98:54:22, 166FFD000102030405060708090A0B0C0D0E0F18FEEDBEEF
1589842249.58, -69, 38, E1:9E:4A:98:54:22, 166FFD000102030405060708090A0B0C0D0E0F18FEEDBEEF
1589842249.68, -80, 39, E1:9E:4A:98:54:22, 166FFD000102030405060708090A0B0C0D0E0F18FEEDBEEF
1589842249.79, -73, 37, E1:9E:4A:98:54:22, 166FFD000102030405060708090A0B0C0D0E0F18FEEDBEEF
1589842249.89, -69, 38, E1:9E:4A:98:54:22, 166FFD000102030405060708090A0B0C0D0E0F18FEEDBEEF
1589842249.99, -79, 39, E1:9E:4A:98:54:22, 166FFD000102030405060708090A0B0C0D0E0F18FEEDBEEF
1589842250.10, -73, 37, E1:9E:4A:98:54:22, 166FFD000102030405060708090A0B0C0D0E0F18FEEDBEEF
1589842250.21, -69, 38, E1:9E:4A:98:54:22, 166FFD000102030405060708090A0B0C0D0E0F18FEEDBEEF
1589842250.31, -79, 39, E1:9E:4A:98:54:22, 166FFD000102030405060708090A0B0C0D0E0F18FEEDBEEF
1589842250.41, -73, 37, E1:9E:4A:98:54:22, 166FFD000102030405060708090A0B0C0D0E0F18FEEDBEEF
1589842250.52, -69, 38, E1:9E:4A:98:54:22, 166FFD000102030405060708090A0B0C0D0E0F18FEEDBEEF
1589842250.62, -79, 39, E1:9E:4A:98:54:22, 166FFD000102030405060708090A0B0C0D0E0F18FEEDBEEF
1589842250.73, -73, 37, E1:9E:4A:98:54:22, 166FFD000102030405060708090A0B0C0D0E0F18FEEDBEEF
1589842250.83, -69, 38, E1:9E:4A:98:54:22, 166FFD000102030405060708090A0B0C0D0E0F18FEEDBEEF
1589842251.14, -79, 39, E1:9E:4A:98:54:22, 166FFD000102030405060708090A0B0C0D0E0F18FEEDBEEF
1589842251.25, -73, 37, E1:9E:4A:98:54:22, 166FFD000102030405060708090A0B0C0D0E0F18FEEDBEEF
1589842251.36, -69, 38, E1:9E:4A:98:54:22, 166FFD000102030405060708090A0B0C0D0E0F18FEEDBEEF
1589842251.46, -79, 39, E1:9E:4A:98:54:22, 166FFD000102030405060708090A0B0C0D0E0F18FEEDBEEF
1589842251.57, -74, 37, E1:9E:4A:98:54:22, 166FFD000102030405060708090A0B0C0D0E0F18FEEDBEEF
1589842251.68, -69, 38, E1:9E:4A:98:54:22, 166FFD000102030405060708090A0B0C0D0E0F18FEEDBEEF
1589842251.79, -79, 39, E1:9E:4A:98:54:22, 166FFD000102030405060708090A0B0C0D0E0F18FEEDBEEF
1589842251.89, -69, 38, E1:9E:4A:98:54:22, 166FFD000102030405060708090A0B0C0D0E0F18FEEDBEEF
1589842252.10, -79, 39, E1:9E:4A:98:54:22, 166FFD000102030405060708090A0B0C0D0E0F18FEEDBEEF
1589842252.21, -73, 37, E1:9E:4A:98:54:22, 166FFD000102030405060708090A0B0C0D0E0F18FEEDBEEF
1589842252.31, -69, 38, E1:9E:4A:98:54:22, 166FFD000102030405060708090A0B0C0D0E0F18FEEDBEEF
1589842252.41, -79, 39, E1:9E:4A:98:54:22, 166FFD000102030405060708090A0B0C0D0E0F18FEEDBEEF
1589842252.52, -73, 37, E1:9E:4A:98:54:22, 166FFD000102030405060708090A0B0C0D0E0F18FEEDBEEF
1589842252.62, -69, 38, E1:9E:4A:98:54:22, 166FFD000102030405060708090A0B0C0D0E0F18FEEDBEEF
1589842252.72, -79, 39, E1:9E:4A:98:54:22, 166FFD000102030405060708090A0B0C0D0E0F18FEEDBEEF
1589842252.83, -69, 38, E1:9E:4A:98:54:22, 166FFD000102030405060708090A0B0C0D0E0F18FEEDBEEF
1589842252.94, -73, 37, E1:9E:4A:98:54:22, 166FFD000102030405060708090A0B0C0D0E0F18FEEDBEEF
1589842253.15, -69, 38, E1:9E:4A:98:54:22, 166FFD000102030405060708090A0B0C0D0E0F18FEEDBEEF
1589842253.26, -79, 39, E1:9E:4A:98:54:22, 166FFD000102030405060708090A0B0C0D0E0F18FEEDBEEF
1589842253.37, -73, 37, E1:9E:4A:98:54:22, 166FFD000102030405060708090A0B0C0D0E0F18FEEDBEEF
1589842253.47, -69, 38, E1:9E:4A:98:54:22, 166FFD000102030405060708090A0B0C0D0E0F18FEEDBEEF
1589842253.57, -79, 39, E1:9E:4A:98:54:22, 166FFD000102030405060708090A0B0C0D0E0F18FEEDBEEF
1589842253.68, -73, 37, E1:9E:4A:98:54:22, 166FFD000102030405060708090A0B0C0D0E0F18FEEDBEEF
1589842253.78, -69, 38, E1:9E:4A:98:54:22, 166FFD000102030405060708090A0B0C0D0E0F18FEEDBEEF
1589842253.89, -79, 39, E1:9E:4A:98:54:22, 166FFD000102030405060708090A0B0C0D0E0F18FEEDBEEF
1589842253.99, -73, 37, E1:9E:4A:98:54:22, 166FFD000102030405060708090A0B0C0D0E0F18FEEDBEEF
1589842254.09, -69, 38, E1:9E:4A:98:54:22, 166FFD000102030405060708090A0B0C0D0E0F18FEEDBEEF
1589842254.20, -79, 39, E1:9E:4A:98:54:22, 166FFD000102030405060708090A0B0C0D0E0F18FEEDBEEF
1589842254.31, -73, 37, E1:9E:4A:98:54:22, 166FFD000102030405060708090A0B0C0D0E0F18FEEDBEEF
1589842254.42, -69, 38, E1:9E:4A:98:54:22, 166FFD000102030405060708090A0B0C0D0E0F18FEEDBEEF
1589842254.52, -79, 39, E1:9E:4A:98:54:22, 166FFD000102030405060708090A0B0C0D0E0F18FEEDBEEF
1589842254.63, -73, 37, E1:9E:4A:98:54:22, 166FFD000102030405060708090A0B0C0D0E0F18FEEDBEEF
1589842254.73, -73, 37, E1:9E:4A:98:54:22, 166FFD000102030405060708090A0B0C0D0E0F18FEEDBEEF
1589842254.95, -69, 38, E1:9E:4A:98:54:22, 166FFD000102030405060708090A0B0C0D0E0F18FEEDBEEF
1589842255.05, -73, 37, E1:9E:4A:98:54:22, 166FFD000102030405060708090A0B0C0D0E0F18FEEDBEEF
1589842255.27, -70, 38, E1:9E:4A:98:54:22, 166FFD000102030405060708090A0B0C0D0E0F18FEEDBEEF
1589842255.37, -79, 39, E1:9E:4A:98:54:22, 166FFD000102030405060708090A0B0C0D0E0F18FEEDBEEF
1589842255.48, -73, 37, E1:9E:4A:98:54:22, 166FFD000102030405060708090A0B0C0D0E0F18FEEDBEEF
1589842255.58, -69, 38, E1:9E:4A:98:54:22, 166FFD000102030405060708090A0B0C0D0E0F18FEEDBEEF
1589842255.68, -73, 37, E1:9E:4A:98:54:22, 166FFD000102030405060708090A0B0C0D0E0F18FEEDBEEF
1589842255.89, -69, 38, E1:9E:4A:98:54:22, 166FFD000102030405060708090A0B0C0D0E0F18FEEDBEEF
1589842255.99, -73, 37, E1:9E:4A:98:54:22, 166FFD000102030405060708090A0B0C0D0E0F18FEEDBEEF
1589842256.20, -69, 38, E1:9E:4A:98:54:22, 166FFD000102030405060708090A0B0C0D0E0F18FEEDBEEF
1589842256.32, -79, 39, E1:9E:4A:98:54:22, 166FFD000102030405060708090A0B0C0D0E0F18FEEDBEEF
1589842256.42, -73, 37, E1:9E:4A:98:54:22, 166FFD000102030405060708090A0B0C0D0E0F18FEEDBEEF
1589842256.52, -69, 38, E1:9E:4A:98:54:22, 166FFD000102030405060708090A0B0C0D0E0F18FEEDBEEF
1589842256.63, -79, 39, E1:9E:4A:98:54:22, 166FFD000102030405060708090A0B0C0D0E0F18FEEDBEEF
1589842256.73, -73, 37, E1:9E:4A:98:54:22, 166FFD000102030405060708090A0B0C0D0E0F18FEEDBEEF
1589842256.84, -69, 38, E1:9E:4A:98:54:22, 166FFD000102030405060708090A0B0C0D0E0F18FEEDBEEF
1589842257.15, -80, 39, E1:9E:4A:98:54:22, 166FFD000102030405060708090A0B0C0D0E0F18FEEDBEEF
1589842257.25, -73, 37, E1:9E:4A:98:54:22, 166FFD000102030405060708090A0B0C0D0E0F18FEEDBEEF
1589842257.36, -69, 38, E1:9E:4A:98:54:22, 166FFD000102030405060708090A0B0C0D0E0F18FEEDBEEF
1589842257.47, -78, 39, E1:9E:4A:98:54:22, 166FFD000102030405060708090A0B0C0D0E0F18FEEDBEEF
1589842257.57, -73, 37, E1:9E:4A:98:54:22, 166FFD000102030405060708090A0B0C0D0E0F18FEEDBEEF
1589842257.68, -69, 38, E1:9E:4A:98:54:22, 166FFD000102030405060708090A0B0C0D0E0F18FEEDBEEF
1589842257.78, -73, 37, E1:9E:4A:98:54:22, 166FFD000102030405060708090A0B0C0D0E0F18FEEDBEEF
1589842257.98, -69, 38, E1:9E:4A:98:54:22, 166FFD000102030405060708090A0B0C0D0E0F18FEEDBEEF
1589842258.09, -78, 39, E1:9E:4A:98:54:22, 166FFD000102030405060708090A0B0C0D0E0F18FEEDBEEF
1589842258.20, -73, 37, E1:9E:4A:98:54:22, 166FFD000102030405060708090A0B0C0D0E0F18FEEDBEEF
1589842258.30, -69, 38, E1:9E:4A:98:54:22, 166FFD000102030405060708090A0B0C0D0E0F18FEEDBEEF
1589842258.41, -77, 39, E1:9E:4A:98:54:22, 166FFD000102030405060708090A0B0C0D0E0F18FEEDBEEF
1589842258.51, -73, 37, E1:9E:4A:98:54:22, 166FFD000102030405060708090A0B0C0D0E0F18FEEDBEEF
1589842258.61, -69, 38, E1:9E:4A:98:54:22, 166FFD000102030405060708090A0B0C0D0E0F18FEEDBEEF
1589842258.72, -73, 37, E1:9E:4A:98:54:22, 166FFD000102030405060708090A0B0C0D0E0F18FEEDBEEF
1589842258.92, -69, 38, E1:9E:4A:98:54:22, 166FFD000102030405060708090A0B0C0D0E0F18FEEDBEEF
1589842259.02, -78, 39, E1:9E:4A:98:54:22, 166FFD000102030405060708090A0B0C0D0E0F18FEEDBEEF
1589842259.13, -73, 37, E1:9E:4A:98:54:22, 166FFD000102030405060708090A0B0C0D0E0F18FEEDBEEF
1589842259.24, -73, 37, E1:9E:4A:98:54:22, 166FFD000102030405060708090A0B0C0D0E0F18FEEDBEEF
1589842259.45, -69, 38, E1:9E:4A:98:54:22, 166FFD000102030405060708090A0B0C0D0E0F18FEEDBEEF
1589842259.55, -78, 39, E1:9E:4A:98:54:22, 166FFD000102030405060708090A0B0C0D0E0F18FEEDBEEF
1589842259.66, -74, 37, E1:9E:4A:98:54:22, 166FFD000102030405060708090A0B0C0D0E0F18FEEDBEEF
1589842259.77, -69, 38, E1:9E:4A:98:54:22, 166FFD000102030405060708090A0B0C0D0E0F18FEEDBEEF
1589842259.88, -78, 39, E1:9E:4A:98:54:22, 166FFD000102030405060708090A0B0C0D0E0F18FEEDBEEF
1589842259.98, -74, 37, E1:9E:4A:98:54:22, 166FFD000102030405060708090A0B0C0D0E0F18FEEDBEEF
1589842260.08, -69, 38, E1:9E:4A:98:54:22, 166FFD000102030405060708090A0B0C0D0E0F18FEEDBEEF
1589842260.19, -78, 39, E1:9E:4A:98:54:22, 166FFD000102030405060708090A0B0C0D0E0F18FEEDBEEF
1589842260.30, -73, 37, E1:9E:4A:98:54:22, 166FFD000102030405060708090A0B0C0D0E0F18FEEDBEEF
1589842260.40, -69, 38, E1:9E:4A:98:54:22, 166FFD000102030405060708090A0B0C0D0E0F18FEEDBEEF
1589842260.51, -78, 39, E1:9E:4A:98:54:22, 166FFD000102030405060708090A0B0C0D0E0F18FEEDBEEF
1589842260.61, -74, 37, E1:9E:4A:98:54:22, 166FFD000102030405060708090A0B0C0D0E0F18FEEDBEEF
1589842260.72, -69, 38, E1:9E:4A:98:54:22, 166FFD000102030405060708090A0B0C0D0E0F18FEEDBEEF
1589842260.82, -78, 39, E1:9E:4A:98:54:22, 166FFD000102030405060708090A0B0C0D0E0F18FEEDBEEF
1589842260.93, -73, 37, E1:9E:4A:98:54:22, 166FFD000102030405060708090A0B0C0D0E0F18FEEDBEEF
1589842261.03, -69, 38, E1:9E:4A:98:54:22, 166FFD000102030405060708090A0B0C0D0E0F18FEEDBEEF
1589842261.14, -73, 37, E1:9E:4A:98:54:22, 166FFD000102030405060708090A0B0C0D0E0F18FEEDBEEF
1589842261.24, -69, 38, E1:9E:4A:98:54:22, 166FFD000102030405060708090A0B0C0D0E0F18FEEDBEEF
1589842261.35, -78, 39, E1:9E:4A:98:54:22, 166FFD000102030405060708090A0B0C0D0E0F18FEEDBEEF
1589842261.46, -73, 37, E1:9E:4A:98:54:22, 166FFD000102030405060708090A0B0C0D0E0F18FEEDBEEF
1589842261.57, -69, 38, E1:9E:4A:98:54:22, 166FFD000102030405060708090A0B0C0D0E0F18FEEDBEEF
1589842261.67, -78, 39, E1:9E:4A:98:54:22, 166FFD000102030405060708090A0B0C0D0E0F18FEEDBEEF
1589842261.78, -73, 37, E1:9E:4A:98:54:22, 166FFD000102030405060708090A0B0C0D0E0F18FEEDBEEF
1589842261.88, -79, 39, E1:9E:4A:98:54:22, 166FFD000102030405060708090A0B0C0D0E0F18FEEDBEEF
1589842262.10, -73, 37, E1:9E:4A:98:54:22, 166FFD000102030405060708090A0B0C0D0E0F18FEEDBEEF
1589842262.20, -69, 38, E1:9E:4A:98:54:22, 166FFD000102030405060708090A0B0C0D0E0F18FEEDBEEF
1589842262.30, -79, 39, E1:9E:4A:98:54:22, 166FFD000102030405060708090A0B0C0D0E0F18FEEDBEEF
1589842262.41, -73, 37, E1:9E:4A:98:54:22, 166FFD000102030405060708090A0B0C0D0E0F18FEEDBEEF
1589842262.51, -69, 38, E1:9E:4A:98:54:22, 166FFD000102030405060708090A0B0C0D0E0F18FEEDBEEF
1589842262.61, -79, 39, E1:9E:4A:98:54:22, 166FFD000102030405060708090A0B0C0D0E0F18FEEDBEEF
1589842262.72, -73, 37, E1:9E:4A:98:54:22, 166FFD000102030405060708090A0B0C0D0E0F18FEEDBEEF
1589842262.82, -69, 38, E1:9E:4A:98:54:22, 166FFD000102030405060708090A0B0C0D0E0F18FEEDBEEF
1589842262.93, -79, 39, E1:9E:4A:98:54:22, 166FFD000102030405060708090A0B0C0D0E0F18FEEDBEEF
1589842263.03, -79, 39, E1:9E:4A:98:54:22, 166FFD000102030405060708090A0B0C0D0E0F18FEEDBEEF
1589842263.24, -73, 37, E1:9E:4A:98:54:22, 166FFD000102030405060708090A0B0C0D0E0F18FEEDBEEF
1589842263.34, -70, 38, E1:9E:4A:98:54:22, 166FFD000102030405060708090A0B0C0D0E0F18FEEDBEEF
1589842263.45, -78, 39, E1:9E:4A:98:54:22, 166FFD000102030405060708090A0B0C0D0E0F18FEEDBEEF
1589842263.56, -73, 37, E1:9E:4A:98:54:22, 166FFD000102030405060708090A0B0C0D0E0F18FEEDBEEF
1589842263.67, -69, 38, E1:9E:4A:98:54:22, 166FFD000102030405060708090A0B0C0D0E0F18FEEDBEEF
1589842263.77, -78, 39, E1:9E:4A:98:54:22, 166FFD000102030405060708090A0B0C0D0E0F18FEEDBEEF
1589842263.88, -73, 37, E1:9E:4A:98:54:22, 166FFD000102030405060708090A0B0C0D0E0F18FEEDBEEF
1589842263.98, -69, 38, E1:9E:4A:98:54:22, 166FFD000102030405060708090A0B0C0D0E0F18FEEDBEEF
1589842264.09, -79, 39, E1:9E:4A:98:54:22, 166FFD000102030405060708090A0B0C0D0E0F18FEEDBEEF
1589842264.19, -73, 37, E1:9E:4A:98:54:22, 166FFD000102030405060708090A0B0C0D0E0F18FEEDBEEF
1589842264.29, -78, 39, E1:9E:4A:98:54:22, 166FFD000102030405060708090A0B0C0D0E0F18FEEDBEEF
1589842264.51, -69, 38, E1:9E:4A:98:54:22, 166FFD000102030405060708090A0B0C0D0E0F18FEEDBEEF
1589842264.72, -73, 37, E1:9E:4A:98:54:22, 166FFD000102030405060708090A0B0C0D0E0F18FEEDBEEF
1589842264.93, -78, 39, E1:9E:4A:98:54:22, 166FFD000102030405060708090A0B0C0D0E0F18FEEDBEEF
1589842265.13, -69, 38, E1:9E:4A:98:54:22, 166FFD000102030405060708090A0B0C0D0E0F18FEEDBEEF
1589842265.24, -78, 39, E1:9E:4A:98:54:22, 166FFD000102030405060708090A0B0C0D0E0F18FEEDBEEF
1589842265.35, -73, 37, E1:9E:4A:98:54:22, 166FFD000102030405060708090A0B0C0D0E0F18FEEDBEEF
1589842265.45, -69, 38, E1:9E:4A:98:54:22, 166FFD000102030405060708090A0B0C0D0E0F18FEEDBEEF
1589842265.56, -78, 39, E1:9E:4A:98:54:22, 166FFD000102030405060708090A0B0C0D0E0F18FEEDBEEF
1589842265.66, -73, 37, E1:9E:4A:98:54:22, 166FFD000102030405060708090A0B0C0D0E0F18FEEDBEEF
1589842265.77, -78, 39, E1:9E:4A:98:54:22, 166FFD000102030405060708090A0B0C0D0E0F18FEEDBEEF
1589842265.98, -73, 37, E1:9E:4A:98:54:22, 166FFD000102030405060708090A0B0C0D0E0F18FEEDBEEF
1589842266.08, -69, 38, E1:9E:4A:98:54:22, 166FFD000102030405060708090A0B0C0D0E0F18FEEDBEEF
1589842266.19, -78, 39, E1:9E:4A:98:54:22, 166FFD000102030405060708090A0B0C0D0E0F18FEEDBEEF
1589842266.30, -73, 37, E1:9E:4A:98:54:22, 166FFD000102030405060708090A0B0C0D0E0F18FEEDBEEF
1589842266.40, -69, 38, E1:9E:4A:98:54:22, 166FFD000102030405060708090A0B0C0D0E0F18FEEDBEEF
1589842266.50, -77, 39, E1:9E:4A:98:54:22, 166FFD000102030405060708090A0B0C0D0E0F18FEEDBEEF
1589842266.61, -74, 37, E1:9E:4A:98:54:22, 166FFD000102030405060708090A0B0C0D0E0F18FEEDBEEF
1589842266.71, -70, 38, E1:9E:4A:98:54:22, 166FFD000102030405060708090A0B0C0D0E0F18FEEDBEEF
1589842266.82, -76, 39, E1:9E:4A:98:54:22, 166FFD000102030405060708090A0B0C0D0E0F18FEEDBEEF
1589842266.92, -75, 37, E1:9E:4A:98:54:22, 166FFD000102030405060708090A0B0C0D0E0F18FEEDBEEF
1589842267.02, -70, 38, E1:9E:4A:98:54:22, 166FFD000102030405060708090A0B0C0D0E0F18FEEDBEEF
1589842267.13, -76, 39, E1:9E:4A:98:54:22, 166FFD000102030405060708090A0B0C0D0E0F18FEEDBEEF
1589842267.24, -75, 37, E1:9E:4A:98:54:22, 166FFD000102030405060708090A0B0C0D0E0F18FEEDBEEF
1589842267.34, -75, 37, E1:9E:4A:98:54:22, 166FFD000102030405060708090A0B0C0D0E0F18FEEDBEEF
1589842267.55, -71, 38, E1:9E:4A:98:54:22, 166FFD000102030405060708090A0B0C0D0E0F18FEEDBEEF
1589842267.65, -74, 37, E1:9E:4A:98:54:22, 166FFD000102030405060708090A0B0C0D0E0F18FEEDBEEF
1589842267.86, -70, 38, E1:9E:4A:98:54:22, 166FFD000102030405060708090A0B0C0D0E0F18FEEDBEEF
1589842267.96, -76, 39, E1:9E:4A:98:54:22, 166FFD000102030405060708090A0B0C0D0E0F18FEEDBEEF
1589842268.07, -74, 37, E1:9E:4A:98:54:22, 166FFD000102030405060708090A0B0C0D0E0F18FEEDBEEF
1589842268.17, -70, 38, E1:9E:4A:98:54:22, 166FFD000102030405060708090A0B0C0D0E0F18FEEDBEEF
1589842268.28, -76, 39, E1:9E:4A:98:54:22, 166FFD000102030405060708090A0B0C0D0E0F18FEEDBEEF
1589842268.39, -73, 37, E1:9E:4A:98:54:22, 166FFD000102030405060708090A0B0C0D0E0F18FEEDBEEF
1589842268.49, -77, 39, E1:9E:4A:98:54:22, 166FFD000102030405060708090A0B0C0D0E0F18FEEDBEEF
1589842268.70, -73, 37, E1:9E:4A:98:54:22, 166FFD000102030405060708090A0B0C0D0E0F18FEEDBEEF
1589842268.81, -77, 39, E1:9E:4A:98:54:22, 166FFD000102030405060708090A0B0C0D0E0F18FEEDBEEF
1589842269.03, -73, 37, E1:9E:4A:98:54:22, 166FFD000102030405060708090A0B0C0D0E0F18FEEDBEEF
1589842269.13, -69, 38, E1:9E:4A:98:54:22, 166FFD000102030405060708090A0B0C0D0E0F18FEEDBEEF
1589842269.23, -73, 37, E1:9E:4A:98:54:22, 166FFD000102030405060708090A0B0C0D0E0F18FEEDBEEF
1589842269.44, -73, 37, E1:9E:4A:98:54:22, 166FFD000102030405060708090A0B0C0D0E0F18FEEDBEEF
1589842269.64, -69, 38, E1:9E:4A:98:54:22, 166FFD000102030405060708090A0B0C0D0E0F18FEEDBEEF
1589842269.75, -78, 39, E1:9E:4A:98:54:22, 166FFD000102030405060708090A0B0C0D0E0F18FEEDBEEF
1589842269.86, -73, 37, E1:9E:4A:98:54:22, 166FFD000102030405060708090A0B0C0D0E0F18FEEDBEEF
1589842269.97, -78, 39, E1:9E:4A:98:54:22, 166FFD000102030405060708090A0B0C0D0E0F18FEEDBEEF
1589842270.18, -73, 37, E1:9E:4A:98:54:22, 166FFD000102030405060708090A0B0C0D0E0F18FEEDBEEF
1589842270.28, -69, 38, E1:9E:4A:98:54:22, 166FFD000102030405060708090A0B0C0D0E0F18FEEDBEEF
1589842270.38, -78, 39, E1:9E:4A:98:54:22, 166FFD000102030405060708090A0B0C0D0E0F18FEEDBEEF
1589842270.50, -73, 37, E1:9E:4A:98:54:22, 166FFD000102030405060708090A0B0C0D0E0F18FEEDBEEF
1589842270.60, -69, 38, E1:9E:4A:98:54:22, 166FFD000102030405060708090A0B0C0D0E0F18FEEDBEEF
1589842270.71, -78, 39, E1:9E:4A:98:54:22, 166FFD000102030405060708090A0B0C0D0E0F18FEEDBEEF
1589842270.82, -73, 37, E1:9E:4A:98:54:22, 166FFD000102030405060708090A0B0C0D0E0F18FEEDBEEF
1589842270.92, -69, 38, E1:9E:4A:98:54:22, 166FFD000102030405060708090A0B0C0D0E0F18FEEDBEEF
1589842271.03, -78, 39, E1:9E:4A:98:54:22, 166FFD000102030405060708090A0B0C0D0E0F18FEEDBEEF
1589842271.13, -73, 37, E1:9E:4A:98:54:22, 166FFD000102030405060708090A0B0C0D0E0F18FEEDBEEF
1589842271.23, -69, 38, E1:9E:4A:98:54:22, 166FFD000102030405060708090A0B0C0D0E0F18FEEDBEEF
1589842271.34, -69, 38, E1:9E:4A:98:54:22, 166FFD000102030405060708090A0B0C0D0E0F18FEEDBEEF
1589842271.54, -79, 39, E1:9E:4A:98:54:22, 166FFD000102030405060708090A0B0C0D0E0F18FEEDBEEF
1589842271.64, -73, 37, E1:9E:4A:98:54:22, 166FFD000102030405060708090A0B0C0D0E0F18FEEDBEEF
1589842271.74, -69, 38, E1:9E:4A:98:54:22, 166FFD000102030405060708090A0B0C0D0E0F18FEEDBEEF
1589842271.85, -78, 39, E1:9E:4A:98:54:22, 166FFD000102030405060708090A0B0C0D0E0F18FEEDBEEF
1589842271.96, -73, 37, E1:9E:4A:98:54:22, 166FFD000102030405060708090A0B0C0D0E0F18FEEDBEEF
1589842272.06, -69, 38, E1:9E:4A:98:54:22, 166FFD000102030405060708090A0B0C0D0E0F18FEEDBEEF
1589842272.18, -78, 39, E1:9E:4A:98:54:22, 166FFD000102030405060708090A0B0C0D0E0F18FEEDBEEF
1589842272.28, -73, 37, E1:9E:4A:98:54:22, 166FFD000102030405060708090A0B0C0D0E0F18FEEDBEEF
1589842272.38, -78, 39, E1:9E:4A:98:54:22, 166FFD000102030405060708090A0B0C0D0E0F18FEEDBEEF
1589842272.59, -73, 37, E1:9E:4A:98:54:22, 166FFD000102030405060708090A0B0C0D0E0F18FEEDBEEF
1589842272.69, -69, 38, E1:9E:4A:98:54:22, 166FFD000102030405060708090A0B0C0D0E0F18FEEDBEEF
1589842272.80, -74, 37, E1:9E:4A:98:54:22, 166FFD000102030405060708090A0B0C0D0E0F18FEEDBEEF
1589842273.00, -69, 38, E1:9E:4A:98:54:22, 166FFD000102030405060708090A0B0C0D0E0F18FEEDBEEF
1589842273.11, -78, 39, E1:9E:4A:98:54:22, 166FFD000102030405060708090A0B0C0D0E0F18FEEDBEEF
1589842273.21, -73, 37, E1:9E:4A:98:54:22, 166FFD000102030405060708090A0B0C0D0E0F18FEEDBEEF
1589842273.32, -69, 38, E1:9E:4A:98:54:22, 166FFD000102030405060708090A0B0C0D0E0F18FEEDBEEF
1589842273.42, -78, 39, E1:9E:4A:98:54:22, 166FFD000102030405060708090A0B0C0D0E0F18FEEDBEEF
1589842273.53, -73, 37, E1:9E:4A:98:54:22, 166FFD000102030405060708090A0B0C0D0E0F18FEEDBEEF
1589842273.63, -69, 38, E1:9E:4A:98:54:22, 166FFD000102030405060708090A0B0C0D0E0F18FEEDBEEF
1589842273.73, -69, 38, E1:9E:4A:98:54:22, 166FFD000102030405060708090A0B0C0D0E0F18FEEDBEEF
1589842273.94, -79, 39, E1:9E:4A:98:54:22, 166FFD000102030405060708090A0B0C0D0E0F18FEEDBEEF
1589842274.05, -74, 37, E1:9E:4A:98:54:22, 166FFD000102030405060708090A0B0C0D0E0F18FEEDBEEF
1589842274.15, -69, 38, E1:9E:4A:98:54:22, 166FFD000102030405060708090A0B0C0D0E0F18FEEDBEEF
1589842274.26, -79, 39, E1:9E:4A:98:54:22, 166FFD000102030405060708090A0B0C0D0E0F18FEEDBEEF
1589842274.36, -73, 37, E1:9E:4A:98:54:22, 166FFD000102030405060708090A0B0C0D0E0F18FEEDBEEF
1589842274.46, -69, 38, E1:9E:4A:98:54:22, 166FFD000102030405060708090A0B0C0D0E0F18FEEDBEEF
1589842274.56, -78, 39, E1:9E:4A:98:54:22, 166FFD000102030405060708090A0B0C0D0E0F18FEEDBEEF
1589842274.67, -73, 37, E1:9E:4A:98:54:22, 166FFD000102030405060708090A0B0C0D0E0F18FEEDBEEF
1589842274.77, -78, 39, E1:9E:4A:98:54:22, 166FFD000102030405060708090A0B0C0D0E0F18FEEDBEEF
1589842274.98, -73, 37, E1:9E:4A:98:54:22, 166FFD000102030405060708090A0B0C0D0E0F18FEEDBEEF
1589842275.08, -69, 38, E1:9E:4A:98:54:22, 166FFD000102030405060708090A0B0C0D0E0F18FEEDBEEF
1589842275.18, -78, 39, E1:9E:4A:98:54:22, 166FFD000102030405060708090A0B0C0D0E0F18FEEDBEEF
1589842275.29, -73, 37, E1:9E:4A:98:54:22, 166FFD000102030405060708090A0B0C0D0E0F18FEEDBEEF
1589842275.40, -69, 38, E1:9E:4A:98:54:22, 166FFD000102030405060708090A0B0C0D0E0F18FEEDBEEF
1589842275.50, -78, 39, E1:9E:4A:98:54:22, 166FFD000102030405060708090A0B0C0D0E0F18FEEDBEEF
1589842275.61, -73, 37, E1:9E:4A:98:54:22, 166FFD000102030405060708090A0B0C0D0E0F18FEEDBEEF
1589842275.71, -69, 38, E1:9E:4A:98:54:22, 166FFD000102030405060708090A0B0C0D0E0F18FEEDBEEF
1589842275.81, -78, 39, E1:9E:4A:98:54:22, 166FFD000102030405060708090A0B0C0D0E0F18FEEDBEEF
1589842275.92, -73, 37, E1:9E:4A:98:54:22, 166FFD000102030405060708090A0B0C0D0E0F18FEEDBEEF
1589842276.02, -69, 38, E1:9E:4A:98:54:22, 166FFD000102030405060708090A0B0C0D0E0F18FEEDBEEF
1589842276.12, -78, 39, E1:9E:4A:98:54:22, 166FFD000102030405060708090A0B0C0D0E0F18FEEDBEEF
1589842276.23, -73, 37, E1:9E:4A:98:54:22, 166FFD000102030405060708090A0B0C0D0E0F18FEEDBEEF
1589842276.33, -73, 37, E1:9E:4A:98:54:22, 166FFD000102030405060708090A0B0C0D0E0F18FEEDBEEF
1589842276.54, -69, 38, E1:9E:4A:98:54:22, 166FFD000102030405060708090A0B0C0D0E0F18FEEDBEEF
1589842276.64, -79, 39, E1:9E:4A:98:54:22, 166FFD000102030405060708090A0B0C0D0E0F18FEEDBEEF
1589842276.75, -73, 37, E1:9E:4A:98:54:22, 166FFD000102030405060708090A0B0C0D0E0F18FEEDBEEF
1589842276.86, -69, 38, E1:9E:4A:98:54:22, 166FFD000102030405060708090A0B0C0D0E0F18FEEDBEEF
1589842276.96, -78, 39, E1:9E:4A:98:54:22, 166FFD000102030405060708090A0B0C0D0E0F18FEEDBEEF
1589842277.07, -73, 37, E1:9E:4A:98:54:22, 166FFD000102030405060708090A0B0C0D0E0F18FEEDBEEF
1589842277.17, -69, 38, E1:9E:4A:98:54:22, 166FFD000102030405060708090A0B0C0D0E0F18FEEDBEEF
1589842277.28, -79, 39, E1:9E:4A:98:54:22, 166FFD000102030405060708090A0B0C0D0E0F18FEEDBEEF
1589842277.39, -73, 37, E1:9E:4A:98:54:22, 166FFD000102030405060708090A0B0C0D0E0F18FEEDBEEF
1589842277.50, -69, 38, E1:9E:4A:98:54:22, 166FFD000102030405060708090A0B0C0D0E0F18FEEDBEEF
1589842277.60, -78, 39, E1:9E:4A:98:54:22, 166FFD000102030405060708090A0B0C0D0E0F18FEEDBEEF
1589842277.70, -73, 37, E1:9E:4A:98:54:22, 166FFD000102030405060708090A0B0C0D0E0F18FEEDBEEF
1589842277.81, -69, 38, E1:9E:4A:98:54:22, 166FFD000102030405060708090A0B0C0D0E0F18FEEDBEEF
1589842277.92, -73, 37, E1:9E:4A:98:54:22, 166FFD000102030405060708090A0B0C0D0E0F18FEEDBEEF
1589842278.13, -69, 38, E1:9E:4A:98:54:22, 166FFD000102030405060708090A0B0C0D0E0F18FEEDBEEF
1589842278.23, -69, 38, E1:9E:4A:98:54:22, 166FFD000102030405060708090A0B0C0D0E0F18FEEDBEEF
1589842278.45, -78, 39, E1:9E:4A:98:54:22, 166FFD000102030405060708090A0B0C0D0E0F18FEEDBEEF
1589842278.55, -73, 37, E1:9E:4A:98:54:22, 166FFD000102030405060708090A0B0C0D0E0F18FEEDBEEF
1589842278.65, -69, 38, E1:9E:4A:98:54:22, 166FFD000102030405060708090A0B0C0D0E0F18FEEDBEEF
1589842278.75, -78, 39, E1:9E:4A:98:54:22, 166FFD000102030405060708090A0B0C0D0E0F18FEEDBEEF
1589842278.86, -73, 37, E1:9E:4A:98:54:22, 166FFD000102030405060708090A0B0C0D0E0F18FEEDBEEF
1589842278.96, -69, 38, E1:9E:4A:98:54:22, 166FFD000102030405060708090A0B0C0D0E0F18FEEDBEEF
1589842279.07, -78, 39, E1:9E:4A:98:54:22, 166FFD000102030405060708090A0B0C0D0E0F18FEEDBEEF
1589842279.17, -72, 37, E1:9E:4A:98:54:22, 166FFD000102030405060708090A0B0C0D0E0F18FEEDBEEF
1589842279.28, -69, 38, E1:9E:4A:98:54:22, 166FFD000102030405060708090A0B0C0D0E0F18FEEDBEEF
1589842279.38, -77, 39, E1:9E:4A:98:54:22, 166FFD000102030405060708090A0B0C0D0E0F18FEEDBEEF
1589842279.49, -72, 37, E1:9E:4A:98:54:22, 166FFD000102030405060708090A0B0C0D0E0F18FEEDBEEF
1589842279.59, -69, 38, E1:9E:4A:98:54:22, 166FFD000102030405060708090A0B0C0D0E0F18FEEDBEEF
1589842279.70, -77, 39, E1:9E:4A:98:54:22, 166FFD000102030405060708090A0B0C0D0E0F18FEEDBEEF
1589842279.81, -73, 37, E1:9E:4A:98:54:22, 166FFD000102030405060708090A0B0C0D0E0F18FEEDBEEF
1589842279.92, -69, 38, E1:9E:4A:98:54:22, 166FFD000102030405060708090A0B0C0D0E0F18FEEDBEEF
1589842280.02, -77, 39, E1:9E:4A:98:54:22, 166FFD000102030405060708090A0B0C0D0E0F18FEEDBEEF
1589842280.12, -73, 37, E1:9E:4A:98:54:22, 166FFD000102030405060708090A0B0C0D0E0F18FEEDBEEF
1589842280.22, -69, 38, E1:9E:4A:98:54:22, 166FFD000102030405060708090A0B0C0D0E0F18FEEDBEEF
1589842280.33, -69, 38, E1:9E:4A:98:54:22, 166FFD000102030405060708090A0B0C0D0E0F18FEEDBEEF
1589842280.54, -77, 39, E1:9E:4A:98:54:22, 166FFD000102030405060708090A0B0C0D0E0F18FEEDBEEF
1589842280.65, -73, 37, E1:9E:4A:98:54:22, 166FFD000102030405060708090A0B0C0D0E0F18FEEDBEEF
1589842280.75, -69, 38, E1:9E:4A:98:54:22, 166FFD000102030405060708090A0B0C0D0E0F18FEEDBEEF
1589842280.86, -77, 39, E1:9E:4A:98:54:22, 166FFD000102030405060708090A0B0C0D0E0F18FEEDBEEF
1589842280.97, -72, 37, E1:9E:4A:98:54:22, 166FFD000102030405060708090A0B0C0D0E0F18FEEDBEEF
1589842281.07, -77, 39, E1:9E:4A:98:54:22, 166FFD000102030405060708090A0B0C0D0E0F18FEEDBEEF
1589842281.28, -72, 37, E1:9E:4A:98:54:22, 166FFD000102030405060708090A0B0C0D0E0F18FEEDBEEF
1589842281.39, -69, 38, E1:9E:4A:98:54:22, 166FFD000102030405060708090A0B0C0D0E0F18FEEDBEEF
1589842281.50, -77, 39, E1:9E:4A:98:54:22, 166FFD000102030405060708090A0B0C0D0E0F18FEEDBEEF
1589842281.61, -73, 37, E1:9E:4A:98:54:22, 166FFD000102030405060708090A0B0C0D0E0F18FEEDBEEF
1589842281.72, -69, 38, E1:9E:4A:98:54:22, 166FFD000102030405060708090A0B0C0D0E0F18FEEDBEEF
1589842281.82, -78, 39, E1:9E:4A:98:54:22, 166FFD000102030405060708090A0B0C0D0E0F18FEEDBEEF
1589842281.92, -73, 37, E1:9E:4A:98:54:22, 166FFD000102030405060708090A0B0C0D0E0F18FEEDBEEF
1589842282.03, -69, 38, E1:9E:4A:98:54:22, 166FFD000102030405060708090A0B0C0D0E0F18FEEDBEEF
1589842282.13, -69, 38, E1:9E:4A:98:54:22, 166FFD000102030405060708090A0B0C0D0E0F18FEEDBEEF
1589842282.34, -78, 39, E1:9E:4A:98:54:22, 166FFD000102030405060708090A0B0C0D0E0F18FEEDBEEF
1589842282.44, -73, 37, E1:9E:4A:98:54:22, 166FFD000102030405060708090A0B0C0D0E0F18FEEDBEEF
1589842282.55, -69, 38, E1:9E:4A:98:54:22, 166FFD000102030405060708090A0B0C0D0E0F18FEEDBEEF
1589842282.65, -78, 39, E1:9E:4A:98:54:22, 166FFD000102030405060708090A0B0C0D0E0F18FEEDBEEF
1589842282.76, -73, 37, E1:9E:4A:98:54:22, 166FFD000102030405060708090A0B0C0D0E0F18FEEDBEEF
1589842282.87, -69, 38, E1:9E:4A:98:54:22, 166FFD000102030405060708090A0B0C0D0E0F18FEEDBEEF
1589842282.97, -77, 39, E1:9E:4A:98:54:22, 166FFD000102030405060708090A0B0C0D0E0F18FEEDBEEF
1589842283.08, -73, 37, E1:9E:4A:98:54:22, 166FFD000102030405060708090A0B0C0D0E0F18FEEDBEEF
1589842283.19, -69, 38, E1:9E:4A:98:54:22, 166FFD000102030405060708090A0B0C0D0E0F18FEEDBEEF
1589842283.30, -78, 39, E1:9E:4A:98:54:22, 166FFD000102030405060708090A0B0C0D0E0F18FEEDBEEF
1589842283.40, -73, 37, E1:9E:4A:98:54:22, 166FFD000102030405060708090A0B0C0D0E0F18FEEDBEEF
1589842283.51, -69, 38, E1:9E:4A:98:54:22, 166FFD000102030405060708090A0B0C0D0E0F18FEEDBEEF
1589842283.61, -77, 39, E1:9E:4A:98:54:22, 166FFD000102030405060708090A0B0C0D0E0F18FEEDBEEF
1589842283.72, -73, 37, E1:9E:4A:98:54:22, 166FFD000102030405060708090A0B0C0D0E0F18FEEDBEEF
1589842283.82, -69, 38, E1:9E:4A:98:54:22, 166FFD000102030405060708090A0B0C0D0E0F18FEEDBEEF
1589842283.93, -73, 37, E1:9E:4A:98:54:22, 166FFD000102030405060708090A0B0C0D0E0F18FEEDBEEF
1589842284.04, -69, 38, E1:9E:4A:98:54:22, 166FFD000102030405060708090A0B0C0D0E0F18FEEDBEEF
1589842284.15, -78, 39, E1:9E:4A:98:54:22, 166FFD000102030405060708090A0B0C0D0E0F18FEEDBEEF
1589842284.26, -73, 37, E1:9E:4A:98:54:22, 166FFD000102030405060708090A0B0C0D0E0F18FEEDBEEF
1589842284.36, -77, 39, E1:9E:4A:98:54:22, 166FFD000102030405060708090A0B0C0D0E0F18FEEDBEEF
1589842284.57, -73, 37, E1:9E:4A:98:54:22, 166FFD000102030405060708090A0B0C0D0E0F18FEEDBEEF
1589842284.68, -69, 38, E1:9E:4A:98:54:22, 166FFD000102030405060708090A0B0C0D0E0F18FEEDBEEF
1589842284.79, -77, 39, E1:9E:4A:98:54:22, 166FFD000102030405060708090A0B0C0D0E0F18FEEDBEEF
1589842284.90, -73, 37, E1:9E:4A:98:54:22, 166FFD000102030405060708090A0B0C0D0E0F18FEEDBEEF
1589842285.00, -69, 38, E1:9E:4A:98:54:22, 166FFD000102030405060708090A0B0C0D0E0F18FEEDBEEF
1589842285.10, -77, 39, E1:9E:4A:98:54:22, 166FFD000102030405060708090A0B0C0D0E0F18FEEDBEEF
1589842285.20, -73, 37, E1:9E:4A:98:54:22, 166FFD000102030405060708090A0B0C0D0E0F18FEEDBEEF
1589842285.31, -69, 38, E1:9E:4A:98:54:22, 166FFD000102030405060708090A0B0C0D0E0F18FEEDBEEF
1589842285.42, -77, 39, E1:9E:4A:98:54:22, 166FFD000102030405060708090A0B0C0D0E0F18FEEDBEEF
1589842285.52, -73, 37, E1:9E:4A:98:54:22, 166FFD000102030405060708090A0B0C0D0E0F18FEEDBEEF
1589842285.63, -69, 38, E1:9E:4A:98:54:22, 166FFD000102030405060708090A0B0C0D0E0F18FEEDBEEF
1589842285.74, -69, 38, E1:9E:4A:98:54:22, 166FFD000102030405060708090A0B0C0D0E0F18FEEDBEEF
1589842285.95, -78, 39, E1:9E:4A:98:54:22, 166FFD000102030405060708090A0B0C0D0E0F18FEEDBEEF
1589842286.05, -73, 37, E1:9E:4A:98:54:22, 166FFD000102030405060708090A0B0C0D0E0F18FEEDBEEF
1589842286.16, -69, 38, E1:9E:4A:98:54:22, 166FFD000102030405060708090A0B0C0D0E0F18FEEDBEEF
1589842286.26, -77, 39, E1:9E:4A:98:54:22, 166FFD000102030405060708090A0B0C0D0E0F18FEEDBEEF
1589842286.37, -73, 37, E1:9E:4A:98:54:22, 166FFD000102030405060708090A0B0C0D0E0F18FEEDBEEF
1589842286.48, -69, 38, E1:9E:4A:98:54:22, 166FFD000102030405060708090A0B0C0D0E0F18FEEDBEEF
1589842286.58, -78, 39, E1:9E:4A:98:54:22, 166FFD000102030405060708090A0B0C0D0E0F18FEEDBEEF
1589842286.68, -73, 37, E1:9E:4A:98:54:22, 166FFD000102030405060708090A0B0C0D0E0F18FEEDBEEF
1589842286.78, -69, 38, E1:9E:4A:98:54:22, 166FFD000102030405060708090A0B0C0D0E0F18FEEDBEEF
1589842286.89, -78, 39, E1:9E:4A:98:54:22, 166FFD000102030405060708090A0B0C0D0E0F18FEEDBEEF
